,Reference,CatN1,CatN2,Cat_Price,Dates,CPC_medio,Impressions,Clics,Page_Views,Cost,Conversions,All_Conversions,Ads_Income,Ads_Income_All,Net_Incomes,Units_sold,ROAS_Ads,CTR,CPC_medio_1w,CPC_medio_2w,CPC_medio_3w,CPC_medio_4w,Impressions_1w,Impressions_2w,Impressions_3w,Impressions_4w,Clics_1w,Clics_2w,Clics_3w,Clics_4w,CTR_1w,CTR_2w,CTR_3w,CTR_4w,Page_Views_1w,Page_Views_2w,Page_Views_3w,Page_Views_4w,Cost_1w,Cost_2w,Cost_3w,Cost_4w,Conversions_1w,Conversions_2w,Conversions_3w,Conversions_4w,All_Conversions_1w,All_Conversions_2w,All_Conversions_3w,All_Conversions_4w,Ads_Income_1w,Ads_Income_2w,Ads_Income_3w,Ads_Income_4w,Ads_Income_All_1w,Ads_Income_All_2w,Ads_Income_All_3w,Ads_Income_All_4w,Net_Incomes_1w,Net_Incomes_2w,Net_Incomes_3w,Net_Incomes_4w,Units_sold_1w,Units_sold_2w,Units_sold_3w,Units_sold_4w
28,122540,muebles,estanterías y librerías,150.0,2018-10-01,0.23,1021.0,12.0,9.0,2.78,0.0,1.0,0.0,0.0,0.0,0.0,0.0,0.011753183153770812,0.2,0.1,0.07,0.05,1021.0,1021.0,1021.0,1021.0,12.0,12.0,12.0,12.0,0.01,0.01,0.01,0.01,9.0,9.0,9.0,9.0,2.78,2.78,2.78,2.78,0.0,0.0,0.0,0.0,1.0,1.0,1.0,1.0,0.0,0.0,0.0,0.0,0.0,0.0,0.0,0.0,0.0,0.0,0.0,0.0,0.0,0.0,0.0,0.0
29,122540,muebles,estanterías y librerías,150.0,2018-10-02,0.16,830.0,7.0,9.0,1.11,0.0,0.0,0.0,0.0,0.0,0.0,0.0,0.008433734939759036,0.22,0.11,0.07,0.05,925.5,925.5,925.5,925.5,9.5,9.5,9.5,9.5,0.01,0.01,0.01,0.01,9.0,9.0,9.0,9.0,1.94,1.94,1.94,1.94,0.0,0.0,0.0,0.0,0.5,0.5,0.5,0.5,0.0,0.0,0.0,0.0,0.0,0.0,0.0,0.0,0.0,0.0,0.0,0.0,0.0,0.0,0.0,0.0
30,122540,muebles,estanterías y librerías,150.0,2018-10-03,0.29,1059.0,6.0,37.0,1.72,0.0,0.0,0.0,0.0,0.0,0.0,0.0,0.0056657223796034,0.22,0.13,0.09,0.06,970.0,970.0,970.0,970.0,8.33,8.33,8.33,8.33,0.01,0.01,0.01,0.01,18.33,18.33,18.33,18.33,1.87,1.87,1.87,1.87,0.0,0.0,0.0,0.0,0.33,0.33,0.33,0.33,0.0,0.0,0.0,0.0,0.0,0.0,0.0,0.0,0.0,0.0,0.0,0.0,0.0,0.0,0.0,0.0
31,122540,muebles,estanterías y librerías,150.0,2018-10-04,0.24,1517.0,15.0,0.0,3.65,0.67,4.67,66.54,66.54,0.0,0.0,18.23,0.00988793671720501,0.22,0.15,0.1,0.07,1106.75,1106.75,1106.75,1106.75,10.0,10.0,10.0,10.0,0.01,0.01,0.01,0.01,13.75,13.75,13.75,13.75,2.32,2.32,2.32,2.32,0.17,0.17,0.17,0.17,1.42,1.42,1.42,1.42,16.64,16.64,16.64,16.64,16.64,16.64,16.64,16.64,0.0,0.0,0.0,0.0,0.0,0.0,0.0,0.0
32,122540,muebles,estanterías y librerías,150.0,2018-10-05,0.0,45.0,0.0,9.0,0.0,0.0,0.0,0.0,0.0,82.49,1.0,0.0,0.0,0.19,0.15,0.1,0.07,894.4,894.4,894.4,894.4,8.0,8.0,8.0,8.0,0.01,0.01,0.01,0.01,12.8,12.8,12.8,12.8,1.85,1.85,1.85,1.85,0.13,0.13,0.13,0.13,1.13,1.13,1.13,1.13,13.31,13.31,13.31,13.31,13.31,13.31,13.31,13.31,16.5,16.5,16.5,16.5,0.2,0.2,0.2,0.2
33,122540,muebles,estanterías y librerías,150.0,2018-10-06,0.27,1775.0,17.0,9.0,4.63,0.0,2.0,0.0,0.0,164.97,2.0,0.0,0.009577464788732394,0.21,0.17,0.11,0.08,1041.17,1041.17,1041.17,1041.17,9.5,9.5,9.5,9.5,0.01,0.01,0.01,0.01,12.17,12.17,12.17,12.17,2.32,2.32,2.32,2.32,0.11,0.11,0.11,0.11,1.28,1.28,1.28,1.28,11.09,11.09,11.09,11.09,11.09,11.09,11.09,11.09,41.24,41.24,41.24,41.24,0.5,0.5,0.5,0.5
34,122540,muebles,estanterías y librerías,150.0,2018-10-07,0.24,1165.0,18.0,28.0,4.35,0.0,1.0,0.0,0.0,0.0,0.0,0.0,0.015450643776824034,0.2,0.18,0.12,0.09,1058.86,1058.86,1058.86,1058.86,10.71,10.71,10.71,10.71,0.01,0.01,0.01,0.01,14.43,14.43,14.43,14.43,2.61,2.61,2.61,2.61,0.1,0.1,0.1,0.1,1.24,1.24,1.24,1.24,9.51,9.51,9.51,9.51,9.51,9.51,9.51,9.51,35.35,35.35,35.35,35.35,0.43,0.43,0.43,0.43
35,122540,muebles,estanterías y librerías,150.0,2018-10-08,0.24,2212.0,20.0,0.0,4.76,0.99,2.99,154.24,154.24,183.3,2.0,32.4,0.009041591320072333,0.21,0.2,0.13,0.1,1229.0,1203.0,1203.0,1203.0,11.86,11.88,11.88,11.88,0.01,0.01,0.01,0.01,13.14,12.62,12.62,12.62,2.89,2.88,2.88,2.88,0.24,0.21,0.21,0.21,1.52,1.46,1.46,1.46,31.54,27.6,27.6,27.6,31.54,27.6,27.6,27.6,61.54,53.84,53.84,53.84,0.71,0.62,0.62,0.62
36,122540,muebles,estanterías y librerías,150.0,2018-10-09,0.0,9.0,0.0,9.0,0.0,0.0,0.0,0.0,0.0,0.0,0.0,0.0,0.0,0.18,0.2,0.13,0.1,1111.71,1070.33,1070.33,1070.33,10.86,10.56,10.56,10.56,0.01,0.01,0.01,0.01,13.14,12.22,12.22,12.22,2.73,2.56,2.56,2.56,0.24,0.18,0.18,0.18,1.52,1.3,1.3,1.3,31.54,24.53,24.53,24.53,31.54,24.53,24.53,24.53,61.54,47.86,47.86,47.86,0.71,0.56,0.56,0.56
37,122540,muebles,estanterías y librerías,150.0,2018-10-10,0.0,31.0,0.0,0.0,0.0,0.0,0.0,0.0,0.0,0.0,0.0,0.0,0.0,0.14,0.18,0.13,0.1,964.86,966.4,966.4,966.4,10.0,9.5,9.5,9.5,0.01,0.01,0.01,0.01,7.86,11.0,11.0,11.0,2.48,2.3,2.3,2.3,0.24,0.17,0.17,0.17,1.52,1.17,1.17,1.17,31.54,22.08,22.08,22.08,31.54,22.08,22.08,22.08,61.54,43.08,43.08,43.08,0.71,0.5,0.5,0.5
38,122540,muebles,estanterías y librerías,150.0,2018-10-11,0.26,1972.0,18.0,0.0,4.62,0.0,0.0,0.0,0.0,0.0,0.0,0.0,0.009127789046653144,0.14,0.18,0.15,0.11,1029.86,1057.82,1057.82,1057.82,10.43,10.27,10.27,10.27,0.01,0.01,0.01,0.01,7.86,10.0,10.0,10.0,2.62,2.51,2.51,2.51,0.14,0.15,0.15,0.15,0.86,1.06,1.06,1.06,22.03,20.07,20.07,20.07,22.03,20.07,20.07,20.07,61.54,39.16,39.16,39.16,0.71,0.45,0.45,0.45
39,122540,muebles,estanterías y librerías,150.0,2018-10-12,0.24,1671.0,11.0,0.0,2.62,0.0,0.0,0.0,0.0,0.0,0.0,0.0,0.006582884500299222,0.18,0.19,0.16,0.12,1262.14,1108.92,1108.92,1108.92,12.0,10.33,10.33,10.33,0.01,0.01,0.01,0.01,6.57,9.17,9.17,9.17,3.0,2.52,2.52,2.52,0.14,0.14,0.14,0.14,0.86,0.97,0.97,0.97,22.03,18.4,18.4,18.4,22.03,18.4,18.4,18.4,49.75,35.9,35.9,35.9,0.57,0.42,0.42,0.42
40,122540,muebles,estanterías y librerías,150.0,2018-10-13,0.24,1765.0,15.0,19.0,3.67,0.0,1.0,0.0,0.0,0.0,0.0,0.0,0.0084985835694051,0.17,0.19,0.17,0.13,1260.71,1159.38,1159.38,1159.38,11.71,10.69,10.69,10.69,0.01,0.01,0.01,0.01,8.0,9.92,9.92,9.92,2.86,2.61,2.61,2.61,0.14,0.13,0.13,0.13,0.71,0.97,0.97,0.97,22.03,16.98,16.98,16.98,22.03,16.98,16.98,16.98,26.19,33.14,33.14,33.14,0.29,0.38,0.38,0.38
41,122540,muebles,estanterías y librerías,150.0,2018-10-14,0.0,29.0,0.0,0.0,0.0,0.0,0.0,0.0,0.0,91.65,1.0,0.0,0.0,0.14,0.17,0.17,0.13,1098.43,1078.64,1078.64,1078.64,9.14,9.93,9.93,9.93,0.0,0.01,0.01,0.01,4.0,9.21,9.21,9.21,2.24,2.42,2.42,2.42,0.14,0.12,0.12,0.12,0.57,0.9,0.9,0.9,22.03,15.77,15.77,15.77,22.03,15.77,15.77,15.77,39.28,37.32,37.32,37.32,0.43,0.43,0.43,0.43
42,122540,muebles,estanterías y librerías,150.0,2018-10-15,0.23,1711.0,17.0,0.0,3.91,0.0,0.0,0.0,0.0,0.0,0.0,0.0,0.009935710111046173,0.14,0.17,0.18,0.13,1026.86,1127.93,1120.8,1120.8,8.71,10.29,10.4,10.4,0.0,0.01,0.01,0.01,4.0,8.57,8.6,8.6,2.12,2.5,2.52,2.52,0.0,0.12,0.11,0.11,0.14,0.83,0.84,0.84,0.0,15.77,14.72,14.72,0.0,15.77,14.72,14.72,13.09,37.32,34.83,34.83,0.14,0.43,0.4,0.4
43,122540,muebles,estanterías y librerías,150.0,2018-10-16,0.22,1954.0,18.0,9.0,3.95,0.0,0.0,0.0,0.0,91.65,1.0,0.0,0.009211873080859774,0.17,0.18,0.19,0.14,1304.71,1208.21,1172.88,1172.88,11.29,11.07,10.88,10.88,0.01,0.01,0.01,0.01,4.0,8.57,8.62,8.62,2.68,2.71,2.61,2.61,0.0,0.12,0.1,0.1,0.14,0.83,0.79,0.79,0.0,15.77,13.8,13.8,0.0,15.77,13.8,13.8,26.19,43.86,38.38,38.38,0.29,0.5,0.44,0.44
44,122540,muebles,estanterías y librerías,150.0,2018-10-17,0.24,1385.0,9.0,9.0,2.13,0.0,1.0,0.0,0.0,0.0,0.0,0.0,0.006498194945848376,0.2,0.17,0.19,0.15,1498.14,1231.5,1185.35,1185.35,12.57,11.29,10.76,10.76,0.01,0.01,0.01,0.01,5.29,6.57,8.65,8.65,2.99,2.74,2.58,2.58,0.0,0.12,0.1,0.1,0.29,0.9,0.8,0.8,0.0,15.77,12.99,12.99,0.0,15.77,12.99,12.99,26.19,43.86,36.12,36.12,0.29,0.5,0.41,0.41
45,122540,muebles,estanterías y librerías,150.0,2018-10-18,0.0,24.0,0.0,0.0,0.0,0.0,0.0,0.0,0.0,0.0,0.0,0.0,0.0,0.17,0.16,0.18,0.15,1219.86,1124.86,1120.83,1120.83,10.0,10.21,10.17,10.17,0.01,0.01,0.01,0.01,5.29,6.57,8.17,8.17,2.33,2.47,2.44,2.44,0.0,0.07,0.09,0.09,0.29,0.57,0.76,0.76,0.0,11.02,12.27,12.27,0.0,11.02,12.27,12.27,26.19,43.86,34.11,34.11,0.29,0.5,0.39,0.39
46,122540,muebles,estanterías y librerías,150.0,2018-10-19,0.25,1489.0,11.0,19.0,2.75,0.0,0.0,0.0,0.0,0.0,0.0,0.0,0.007387508394895903,0.17,0.17,0.18,0.16,1193.86,1228.0,1140.21,1140.21,10.0,11.0,10.21,10.21,0.01,0.01,0.01,0.01,8.0,7.29,8.74,8.74,2.34,2.67,2.46,2.46,0.0,0.07,0.09,0.09,0.29,0.57,0.72,0.72,0.0,11.02,11.62,11.62,0.0,11.02,11.62,11.62,26.19,37.97,32.32,32.32,0.29,0.43,0.37,0.37
47,122540,muebles,estanterías y librerías,150.0,2018-10-20,0.0,66.0,0.0,0.0,0.0,0.0,0.0,0.0,0.0,0.0,0.0,0.0,0.0,0.13,0.15,0.17,0.16,951.14,1105.93,1086.5,1086.5,7.86,9.79,9.7,9.7,0.0,0.01,0.01,0.01,5.29,6.64,8.3,8.3,1.82,2.34,2.33,2.33,0.0,0.07,0.08,0.08,0.14,0.43,0.68,0.68,0.0,11.02,11.04,11.04,0.0,11.02,11.04,11.04,26.19,26.19,30.7,30.7,0.29,0.29,0.35,0.35
48,122540,muebles,estanterías y librerías,150.0,2018-10-21,0.2,1448.0,16.0,19.0,3.25,0.0,1.0,0.0,0.0,0.0,0.0,0.0,0.011049723756906077,0.16,0.15,0.17,0.17,1153.86,1126.14,1103.71,1103.71,10.14,9.64,10.0,10.0,0.01,0.01,0.01,0.01,8.0,6.0,8.81,8.81,2.28,2.26,2.38,2.38,0.0,0.07,0.08,0.08,0.29,0.43,0.7,0.7,0.0,11.02,10.51,10.51,0.0,11.02,10.51,10.51,13.09,26.19,29.24,29.24,0.14,0.29,0.33,0.33
49,122540,muebles,estanterías y librerías,150.0,2018-10-22,0.24,1318.0,13.0,66.0,3.09,0.0,0.0,0.0,0.0,91.65,1.0,0.0,0.009863429438543247,0.16,0.15,0.17,0.18,1097.71,1062.29,1117.86,1113.45,9.57,9.14,10.05,10.14,0.01,0.01,0.01,0.01,17.43,10.71,11.52,11.41,2.17,2.14,2.39,2.41,0.0,0.0,0.08,0.08,0.29,0.21,0.65,0.67,0.0,0.0,10.51,10.04,0.0,0.0,10.51,10.04,26.19,19.64,33.61,32.08,0.29,0.21,0.38,0.36
50,122540,muebles,estanterías y librerías,150.0,2018-10-23,0.24,1588.0,17.0,9.0,4.09,0.0,0.0,0.0,0.0,91.65,1.0,0.0,0.010705289672544081,0.17,0.17,0.17,0.18,1045.43,1175.07,1153.95,1134.09,9.43,10.36,10.52,10.43,0.01,0.01,0.01,0.01,17.43,10.71,11.52,11.3,2.19,2.43,2.53,2.48,0.0,0.0,0.08,0.07,0.29,0.21,0.65,0.64,0.0,0.0,10.51,9.6,0.0,0.0,10.51,9.6,26.19,26.19,37.97,34.67,0.29,0.29,0.43,0.39
51,122540,muebles,estanterías y librerías,150.0,2018-10-24,0.26,1576.0,15.0,9.0,3.86,0.0,1.0,0.0,0.0,0.0,0.0,0.0,0.00951776649746193,0.17,0.19,0.17,0.18,1072.71,1285.43,1178.57,1152.5,10.29,11.43,10.95,10.62,0.01,0.01,0.01,0.01,17.43,11.36,10.19,11.21,2.43,2.71,2.63,2.54,0.0,0.0,0.08,0.07,0.29,0.29,0.7,0.65,0.0,0.0,10.51,9.2,0.0,0.0,10.51,9.2,26.19,26.19,37.97,33.22,0.29,0.29,0.43,0.38
52,122540,muebles,estanterías y librerías,150.0,2018-10-25,0.0,55.0,0.0,19.0,0.0,0.0,0.0,0.0,0.0,0.0,0.0,0.0,0.0,0.17,0.17,0.16,0.18,1077.14,1148.5,1108.95,1108.6,10.29,10.14,10.24,10.2,0.01,0.01,0.01,0.01,20.14,12.71,11.1,11.52,2.43,2.38,2.46,2.44,0.0,0.0,0.05,0.07,0.29,0.29,0.48,0.63,0.0,0.0,7.34,8.83,0.0,0.0,7.34,8.83,26.19,26.19,37.97,31.89,0.29,0.29,0.43,0.36
53,122540,muebles,estanterías y librerías,150.0,2018-10-26,0.22,725.0,6.0,19.0,1.34,0.0,0.0,0.0,0.0,0.0,0.0,0.0,0.008275862068965517,0.17,0.17,0.17,0.18,968.0,1080.93,1141.33,1093.85,9.57,9.79,10.52,10.04,0.01,0.01,0.01,0.01,20.14,14.07,11.57,11.81,2.23,2.29,2.52,2.4,0.0,0.0,0.05,0.06,0.29,0.29,0.48,0.6,0.0,0.0,7.34,8.49,0.0,0.0,7.34,8.49,26.19,26.19,34.04,30.67,0.29,0.29,0.38,0.35
54,122540,muebles,estanterías y librerías,150.0,2018-10-27,0.25,737.0,5.0,28.0,1.24,0.0,0.0,0.0,0.0,0.0,0.0,0.0,0.0067842605156037995,0.2,0.17,0.17,0.18,1063.86,1007.5,1091.9,1080.63,10.29,9.07,9.95,9.85,0.01,0.01,0.01,0.01,24.14,14.71,12.48,12.41,2.41,2.12,2.36,2.35,0.0,0.0,0.05,0.06,0.29,0.21,0.38,0.58,0.0,0.0,7.34,8.18,0.0,0.0,7.34,8.18,26.19,26.19,26.19,29.53,0.29,0.29,0.29,0.33
55,122540,muebles,estanterías y librerías,150.0,2018-10-28,0.25,552.0,4.0,19.0,1.01,0.0,0.0,0.0,0.0,0.0,0.0,0.0,0.007246376811594203,0.21,0.19,0.17,0.18,935.86,1044.86,1062.71,1061.75,8.57,9.36,9.29,9.64,0.01,0.01,0.01,0.01,24.14,16.07,12.05,12.64,2.09,2.19,2.2,2.3,0.0,0.0,0.05,0.06,0.14,0.21,0.33,0.56,0.0,0.0,7.34,7.89,0.0,0.0,7.34,7.89,26.19,19.64,26.19,28.48,0.29,0.21,0.29,0.32
56,122540,muebles,estanterías y librerías,150.0,2018-10-29,0.21,599.0,4.0,19.0,0.83,0.0,0.0,0.0,0.0,0.0,0.0,0.0,0.00667779632721202,0.2,0.18,0.17,0.18,833.14,965.43,985.9,1046.68,7.29,8.43,8.52,9.36,0.01,0.01,0.01,0.01,17.43,17.43,12.95,13.0,1.77,1.97,2.02,2.24,0.0,0.0,0.0,0.06,0.14,0.21,0.19,0.52,0.0,0.0,0.0,7.89,0.0,0.0,0.0,7.89,13.09,19.64,17.46,28.48,0.14,0.21,0.19,0.32
57,122540,muebles,estanterías y librerías,150.0,2018-10-30,0.24,1000.0,7.0,0.0,1.68,0.0,0.0,0.0,0.0,0.0,0.0,0.0,0.007,0.2,0.19,0.18,0.18,749.14,897.29,1033.1,1052.75,5.86,7.64,8.86,9.36,0.01,0.01,0.01,0.01,16.14,16.79,12.52,12.68,1.42,1.81,2.1,2.26,0.0,0.0,0.0,0.06,0.14,0.21,0.19,0.52,0.0,0.0,0.0,7.89,0.0,0.0,0.0,7.89,0.0,13.09,17.46,28.48,0.0,0.14,0.19,0.32
58,122540,muebles,estanterías y librerías,150.0,2018-10-31,0.27,548.0,3.0,9.0,0.81,0.0,0.0,0.0,0.0,0.0,0.0,0.0,0.005474452554744526,0.21,0.19,0.19,0.18,602.29,837.5,1057.71,1034.5,4.14,7.21,9.0,9.25,0.01,0.01,0.01,0.01,16.14,16.79,12.95,11.68,0.99,1.71,2.14,2.22,0.0,0.0,0.0,0.06,0.0,0.14,0.19,0.52,0.0,0.0,0.0,7.89,0.0,0.0,0.0,7.89,0.0,13.09,17.46,28.48,0.0,0.14,0.19,0.32
59,122540,muebles,estanterías y librerías,150.0,2018-11-01,0.26,483.0,5.0,0.0,1.28,0.0,0.0,0.0,0.0,0.0,0.0,0.0,0.010351966873706004,0.24,0.21,0.19,0.18,663.43,870.29,986.81,997.57,4.86,7.57,8.38,8.89,0.01,0.01,0.01,0.01,13.43,16.79,12.95,11.68,1.17,1.8,1.98,2.14,0.0,0.0,0.0,0.04,0.0,0.14,0.19,0.36,0.0,0.0,0.0,5.51,0.0,0.0,0.0,5.51,0.0,13.09,17.46,28.48,0.0,0.14,0.19,0.32
60,122540,muebles,estanterías y librerías,150.0,2018-11-02,0.28,620.0,6.0,19.0,1.65,0.0,0.0,0.0,0.0,0.0,0.0,0.0,0.00967741935483871,0.25,0.21,0.2,0.19,648.43,808.21,936.76,1018.11,4.86,7.21,8.14,9.11,0.01,0.01,0.01,0.01,13.43,16.79,13.86,12.04,1.21,1.72,1.93,2.2,0.0,0.0,0.0,0.04,0.0,0.14,0.19,0.36,0.0,0.0,0.0,5.51,0.0,0.0,0.0,5.51,0.0,13.09,17.46,25.53,0.0,0.14,0.19,0.29
61,122540,muebles,estanterías y librerías,150.0,2018-11-03,0.26,932.0,11.0,19.0,2.89,0.0,0.0,0.0,0.0,0.0,0.0,0.0,0.011802575107296138,0.25,0.23,0.2,0.19,676.29,870.07,897.1,988.0,5.71,8.0,7.95,8.89,0.01,0.01,0.01,0.01,12.14,18.14,13.86,12.39,1.45,1.93,1.89,2.14,0.0,0.0,0.0,0.04,0.0,0.14,0.14,0.29,0.0,0.0,0.0,5.51,0.0,0.0,0.0,5.51,0.0,13.09,17.46,19.64,0.0,0.14,0.19,0.21
62,122540,muebles,estanterías y librerías,150.0,2018-11-04,0.25,964.0,8.0,19.0,2.01,0.0,0.0,0.0,0.0,0.0,0.0,0.0,0.008298755186721992,0.25,0.23,0.21,0.19,735.14,835.5,941.62,980.82,6.29,7.43,8.33,8.54,0.01,0.01,0.01,0.01,12.14,18.14,14.76,12.07,1.59,1.84,1.99,2.05,0.0,0.0,0.0,0.04,0.0,0.07,0.14,0.25,0.0,0.0,0.0,5.51,0.0,0.0,0.0,5.51,0.0,13.09,13.09,19.64,0.0,0.14,0.14,0.21
63,122540,muebles,estanterías y librerías,150.0,2018-11-05,0.38,723.0,12.0,28.0,4.54,0.0,2.0,0.0,0.0,366.61,4.0,0.0,0.016597510373443983,0.28,0.24,0.22,0.2,752.86,793.0,894.57,927.64,7.43,7.36,8.1,8.25,0.01,0.01,0.01,0.01,13.43,15.43,16.1,13.07,2.12,1.95,2.02,2.04,0.0,0.0,0.0,0.0,0.29,0.21,0.24,0.21,0.0,0.0,0.0,0.0,0.0,0.0,0.0,0.0,52.37,32.73,30.55,26.19,0.57,0.36,0.33,0.29
64,122540,muebles,estanterías y librerías,150.0,2018-11-06,0.27,1364.0,15.0,0.0,4.09,0.0,0.0,0.0,0.0,91.66,1.0,0.0,0.010997067448680353,0.28,0.24,0.22,0.21,804.86,777.0,866.48,976.04,8.57,7.21,7.95,8.79,0.01,0.01,0.01,0.01,13.43,14.79,15.67,12.75,2.47,1.95,2.03,2.19,0.0,0.0,0.0,0.0,0.29,0.21,0.24,0.21,0.0,0.0,0.0,0.0,0.0,0.0,0.0,0.0,65.47,32.73,30.55,29.46,0.71,0.36,0.33,0.32
65,122540,muebles,estanterías y librerías,150.0,2018-11-07,0.24,1441.0,12.0,19.0,2.86,0.0,1.0,0.0,0.0,174.14,2.0,0.0,0.008327550312283136,0.28,0.24,0.22,0.21,932.43,767.36,869.14,1026.39,9.86,7.0,8.1,9.21,0.01,0.01,0.01,0.01,14.86,15.5,16.14,13.43,2.76,1.87,2.06,2.29,0.0,0.0,0.0,0.0,0.43,0.21,0.24,0.25,0.0,0.0,0.0,0.0,0.0,0.0,0.0,0.0,90.34,45.17,38.84,35.68,1.0,0.5,0.43,0.39
66,122540,muebles,estanterías y librerías,150.0,2018-11-08,0.3,1125.0,15.0,0.0,4.56,0.0,1.0,0.0,0.0,0.0,0.0,0.0,0.013333333333333334,0.28,0.26,0.23,0.22,1024.14,843.79,921.57,996.14,11.29,8.07,8.81,9.11,0.01,0.01,0.01,0.01,14.86,14.14,16.14,13.43,3.23,2.2,2.28,2.29,0.0,0.0,0.0,0.0,0.57,0.29,0.29,0.29,0.0,0.0,0.0,0.0,0.0,0.0,0.0,0.0,90.34,45.17,38.84,35.68,1.0,0.5,0.43,0.39
67,122540,muebles,estanterías y librerías,150.0,2018-11-09,0.22,1494.0,11.0,0.0,2.4,0.0,0.0,0.0,0.0,0.0,0.0,0.0,0.007362784471218206,0.27,0.26,0.23,0.22,1149.0,898.71,921.81,989.82,12.0,8.43,8.81,9.11,0.01,0.01,0.01,0.01,12.14,12.79,15.24,13.43,3.34,2.28,2.26,2.28,0.0,0.0,0.0,0.0,0.57,0.29,0.29,0.29,0.0,0.0,0.0,0.0,0.0,0.0,0.0,0.0,90.34,45.17,38.84,35.68,1.0,0.5,0.43,0.39
68,122540,muebles,estanterías y librerías,150.0,2018-11-10,0.3,971.0,7.0,28.0,2.1,0.0,1.0,0.0,0.0,0.0,0.0,0.0,0.007209062821833162,0.28,0.27,0.24,0.22,1154.57,915.43,964.9,961.46,11.43,8.57,9.14,8.82,0.01,0.01,0.01,0.01,13.43,12.79,16.57,13.75,3.22,2.34,2.36,2.23,0.0,0.0,0.0,0.0,0.71,0.36,0.33,0.29,0.0,0.0,0.0,0.0,0.0,0.0,0.0,0.0,90.34,45.17,38.84,35.68,1.0,0.5,0.43,0.39
69,122540,muebles,estanterías y librerías,150.0,2018-11-11,0.26,1261.0,13.0,19.0,3.41,0.0,1.0,0.0,0.0,82.49,1.0,0.0,0.010309278350515464,0.28,0.27,0.25,0.23,1197.0,966.07,956.0,1005.46,12.14,9.21,9.0,9.29,0.01,0.01,0.01,0.01,13.43,12.79,16.57,14.43,3.42,2.51,2.37,2.35,0.0,0.0,0.0,0.0,0.86,0.43,0.33,0.32,0.0,0.0,0.0,0.0,0.0,0.0,0.0,0.0,102.13,51.06,42.77,35.35,1.14,0.57,0.48,0.39
70,122540,muebles,estanterías y librerías,150.0,2018-11-12,0.23,1702.0,11.0,0.0,2.57,0.0,0.0,0.0,0.0,91.65,1.0,0.0,0.006462984723854289,0.26,0.27,0.25,0.23,1336.86,1044.86,974.29,1005.14,12.0,9.71,8.9,9.07,0.01,0.01,0.01,0.01,9.43,11.43,13.43,14.43,3.14,2.63,2.34,2.3,0.0,0.0,0.0,0.0,0.57,0.43,0.33,0.32,0.0,0.0,0.0,0.0,0.0,0.0,0.0,0.0,62.85,57.61,42.77,38.62,0.71,0.64,0.48,0.43
71,122540,muebles,estanterías y librerías,150.0,2018-11-13,0.23,1600.0,11.0,9.0,2.51,0.0,0.0,0.0,0.0,0.0,0.0,0.0,0.006875,0.25,0.27,0.25,0.23,1370.57,1087.71,974.86,992.5,11.43,10.0,8.62,8.82,0.01,0.01,0.01,0.01,10.71,12.07,13.43,14.43,2.92,2.69,2.27,2.25,0.0,0.0,0.0,0.0,0.57,0.43,0.33,0.32,0.0,0.0,0.0,0.0,0.0,0.0,0.0,0.0,49.75,57.61,38.41,35.35,0.57,0.64,0.43,0.39
72,122540,muebles,estanterías y librerías,150.0,2018-11-14,0.24,1345.0,17.0,37.0,4.14,0.0,0.0,0.0,0.0,0.0,0.0,0.0,0.012639405204460967,0.25,0.27,0.25,0.23,1356.86,1144.64,963.86,991.07,12.14,11.0,8.71,9.11,0.01,0.01,0.01,0.01,13.29,14.07,14.76,15.43,3.1,2.93,2.28,2.32,0.0,0.0,0.0,0.0,0.43,0.43,0.29,0.29,0.0,0.0,0.0,0.0,0.0,0.0,0.0,0.0,24.88,57.61,38.41,35.35,0.29,0.64,0.43,0.39
73,122540,muebles,estanterías y librerías,150.0,2018-11-15,0.26,2884.0,22.0,0.0,5.72,0.0,0.0,0.0,0.0,0.0,0.0,0.0,0.0076282940360610264,0.25,0.27,0.26,0.24,1608.14,1316.14,1098.57,1093.21,13.14,12.21,9.76,9.89,0.01,0.01,0.01,0.01,13.29,14.07,13.86,15.43,3.26,3.25,2.55,2.52,0.0,0.0,0.0,0.0,0.29,0.43,0.29,0.29,0.0,0.0,0.0,0.0,0.0,0.0,0.0,0.0,24.88,57.61,38.41,35.35,0.29,0.64,0.43,0.39
74,122540,muebles,estanterías y librerías,150.0,2018-11-16,0.25,3935.0,37.0,9.0,9.11,0.59,1.09,103.03,189.78,0.0,0.0,11.31,0.00940279542566709,0.25,0.26,0.26,0.24,1956.86,1552.93,1251.43,1180.57,16.86,14.43,11.24,10.82,0.01,0.01,0.01,0.01,14.57,13.36,13.38,15.07,4.22,3.78,2.92,2.75,0.08,0.04,0.03,0.02,0.44,0.51,0.34,0.32,14.72,7.36,4.91,3.68,27.11,13.56,9.04,6.78,24.88,57.61,38.41,35.35,0.29,0.64,0.43,0.39
75,122540,muebles,estanterías y librerías,150.0,2018-11-17,0.24,5191.0,48.0,9.0,11.41,0.0,1.0,0.0,42.21,82.49,1.0,0.0,0.009246773261413986,0.24,0.26,0.26,0.24,2559.71,1857.14,1463.52,1363.61,22.71,17.07,13.29,12.54,0.01,0.01,0.01,0.01,11.86,12.64,12.48,15.39,5.55,4.39,3.41,3.16,0.08,0.04,0.03,0.02,0.44,0.58,0.39,0.36,14.72,7.36,4.91,3.68,33.14,16.57,11.05,8.29,36.66,63.5,42.34,38.3,0.43,0.71,0.48,0.43
76,122540,muebles,estanterías y librerías,150.0,2018-11-18,0.25,6067.0,57.0,37.0,14.15,0.0,0.04,0.0,2.94,0.0,0.0,0.0,0.009395088181968023,0.24,0.26,0.26,0.25,3246.29,2221.64,1726.14,1528.57,29.0,20.57,15.81,14.0,0.01,0.01,0.01,0.01,14.43,13.93,13.33,16.04,7.09,5.26,4.03,3.55,0.08,0.04,0.03,0.02,0.3,0.58,0.39,0.33,14.72,7.36,4.91,3.68,33.56,16.78,11.19,8.39,24.88,63.5,42.34,38.3,0.29,0.71,0.48,0.43
77,122540,muebles,estanterías y librerías,150.0,2018-11-19,0.26,3564.0,38.0,19.0,10.01,0.0,0.0,0.0,0.0,0.0,0.0,0.0,0.010662177328843996,0.25,0.25,0.26,0.25,3512.29,2424.57,1867.33,1608.79,32.86,22.43,17.43,14.89,0.01,0.01,0.01,0.01,17.14,13.29,13.33,14.36,8.15,5.65,4.47,3.8,0.08,0.04,0.03,0.02,0.3,0.44,0.39,0.33,14.72,7.36,4.91,3.68,33.56,16.78,11.19,8.39,11.78,37.32,42.34,35.02,0.14,0.43,0.48,0.39
78,122540,muebles,estanterías y librerías,150.0,2018-11-20,0.26,3736.0,46.0,9.0,12.12,0.0,0.0,0.0,0.0,82.48,1.0,0.0,0.012312633832976445,0.25,0.25,0.26,0.25,3817.43,2594.0,1997.62,1685.5,37.86,24.64,19.29,15.93,0.01,0.01,0.01,0.01,17.14,13.93,13.76,14.36,9.52,6.22,4.97,4.08,0.08,0.04,0.03,0.02,0.3,0.44,0.39,0.33,14.72,7.36,4.91,3.68,33.56,16.78,11.19,8.39,23.57,36.66,46.26,34.7,0.29,0.43,0.52,0.39
79,122540,muebles,estanterías y librerías,100.0,2018-11-21,0.25,3297.0,28.0,9.0,6.92,0.0,0.0,0.0,0.0,0.0,0.0,0.0,0.008492569002123142,0.25,0.25,0.26,0.25,4096.29,2726.57,2128.52,1746.96,39.43,25.79,20.48,16.39,0.01,0.01,0.01,0.01,13.14,13.21,13.76,14.36,9.92,6.51,5.26,4.19,0.08,0.04,0.03,0.02,0.3,0.37,0.39,0.29,14.72,7.36,4.91,3.68,33.56,16.78,11.19,8.39,23.57,24.22,46.26,34.7,0.29,0.29,0.52,0.39
80,122540,muebles,estanterías y librerías,100.0,2018-11-22,0.25,3872.0,34.0,28.0,8.57,0.0,0.0,0.0,0.0,0.0,0.0,0.0,0.00878099173553719,0.25,0.25,0.26,0.26,4237.43,2922.79,2289.9,1883.29,41.14,27.14,21.86,17.61,0.01,0.01,0.01,0.01,17.14,15.21,15.1,14.68,10.33,6.8,5.61,4.5,0.08,0.04,0.03,0.02,0.3,0.29,0.39,0.29,14.72,7.36,4.91,3.68,33.56,16.78,11.19,8.39,23.57,24.22,46.26,34.7,0.29,0.29,0.52,0.39
81,122540,muebles,estanterías y librerías,100.0,2018-11-23,0.32,3353.0,33.0,9.0,10.62,0.0,0.0,0.0,0.0,247.44,3.0,0.0,0.009841932597673724,0.26,0.26,0.26,0.26,4154.29,3055.57,2420.05,1977.14,40.57,28.71,23.14,18.57,0.01,0.01,0.01,0.01,17.14,15.86,14.62,14.32,10.54,7.38,6.03,4.83,0.0,0.04,0.03,0.02,0.15,0.29,0.39,0.29,0.0,7.36,4.91,3.68,6.45,16.78,11.19,8.39,58.92,41.9,58.05,43.53,0.71,0.5,0.67,0.5
82,122540,muebles,estanterías y librerías,100.0,2018-11-24,0.39,4136.0,48.0,47.0,18.52,0.0,0.0,0.0,0.0,0.0,0.0,0.0,0.01160541586073501,0.28,0.26,0.27,0.26,4003.57,3281.64,2572.62,2098.54,40.57,31.64,24.9,20.11,0.01,0.01,0.01,0.01,22.57,17.21,15.95,15.0,11.56,8.56,6.78,5.45,0.0,0.04,0.03,0.02,0.01,0.22,0.39,0.29,0.0,7.36,4.91,3.68,0.42,16.78,11.19,8.39,47.13,41.9,58.05,43.53,0.57,0.5,0.67,0.5
83,122540,muebles,estanterías y librerías,100.0,2018-11-25,0.33,4355.0,71.0,19.0,23.74,0.0,0.6,0.0,239.52,329.92,4.0,0.0,0.016303099885189437,0.29,0.27,0.27,0.27,3759.0,3502.64,2734.1,2234.36,42.57,35.79,27.9,22.5,0.01,0.01,0.01,0.01,20.0,17.21,15.95,15.0,12.93,10.01,7.81,6.26,0.0,0.04,0.03,0.02,0.09,0.19,0.42,0.31,0.0,7.36,4.91,3.68,34.22,33.89,22.59,16.94,94.26,59.57,73.76,55.32,1.14,0.71,0.86,0.64
84,122540,muebles,estanterías y librerías,100.0,2018-11-26,0.33,5074.0,33.0,0.0,10.88,0.0,0.0,0.0,0.0,82.48,1.0,0.0,0.00650374458021285,0.3,0.28,0.27,0.27,3974.71,3743.5,2941.29,2394.18,41.86,37.36,28.9,23.54,0.01,0.01,0.01,0.01,17.29,17.21,14.62,14.32,13.05,10.6,8.11,6.62,0.0,0.04,0.03,0.02,0.09,0.19,0.32,0.31,0.0,7.36,4.91,3.68,34.22,33.89,22.59,16.94,106.05,58.92,60.23,58.26,1.29,0.71,0.71,0.68
85,122540,muebles,estanterías y librerías,100.0,2018-11-27,0.45,211.0,4.0,19.0,1.79,0.0,0.0,0.0,0.0,0.0,0.0,0.0,0.018957345971563982,0.33,0.29,0.28,0.28,3471.14,3644.29,2886.38,2366.0,35.86,36.86,28.38,23.43,0.01,0.01,0.01,0.01,18.71,17.93,15.52,15.0,11.58,10.55,8.01,6.62,0.0,0.04,0.03,0.02,0.09,0.19,0.32,0.31,0.0,7.36,4.91,3.68,34.22,33.89,22.59,16.94,94.26,58.92,55.86,58.26,1.14,0.71,0.67,0.68
86,122540,muebles,estanterías y librerías,150.0,2018-11-28,0.23,868.0,5.0,9.0,1.15,0.0,0.0,0.0,0.0,0.0,0.0,0.0,0.00576036866359447,0.33,0.29,0.28,0.28,3124.14,3610.21,2859.1,2377.43,32.57,36.0,28.05,23.5,0.01,0.01,0.01,0.01,18.71,15.93,15.05,15.0,10.75,10.34,7.92,6.63,0.0,0.04,0.03,0.02,0.09,0.19,0.27,0.31,0.0,7.36,4.91,3.68,34.22,33.89,22.59,16.94,94.26,58.92,47.57,58.26,1.14,0.71,0.57,0.68
87,122540,muebles,estanterías y librerías,150.0,2018-11-29,0.23,768.0,8.0,9.0,1.87,0.0,0.0,0.0,0.0,0.0,0.0,0.0,0.010416666666666666,0.33,0.29,0.28,0.28,2680.71,3459.07,2842.1,2387.61,28.86,35.0,27.71,23.61,0.01,0.01,0.01,0.01,16.0,16.57,15.48,15.32,9.8,10.06,7.8,6.65,0.0,0.04,0.03,0.02,0.09,0.19,0.23,0.31,0.0,7.36,4.91,3.68,34.22,33.89,22.59,16.94,94.26,58.92,47.57,58.26,1.14,0.71,0.57,0.68
88,122540,muebles,estanterías y librerías,150.0,2018-11-30,0.25,1347.0,4.0,19.0,0.99,0.0,0.0,0.0,0.0,0.0,0.0,0.0,0.002969561989606533,0.32,0.29,0.28,0.28,2394.14,3274.21,2835.1,2413.57,24.71,32.64,27.38,23.54,0.01,0.01,0.01,0.01,17.43,17.29,16.38,15.32,8.42,9.48,7.73,6.63,0.0,0.0,0.03,0.02,0.09,0.12,0.23,0.31,0.0,0.0,4.91,3.68,34.22,20.33,22.59,16.94,58.91,58.92,47.57,58.26,0.71,0.71,0.57,0.68
89,122540,muebles,estanterías y librerías,150.0,2018-12-01,0.28,1140.0,7.0,9.0,1.97,0.0,0.0,0.0,0.0,0.0,0.0,0.0,0.0061403508771929825,0.3,0.29,0.28,0.28,1966.14,2984.86,2843.14,2421.0,18.86,29.71,27.38,23.39,0.01,0.01,0.01,0.01,12.0,17.29,15.48,14.96,6.06,8.81,7.72,6.6,0.0,0.0,0.03,0.02,0.09,0.05,0.18,0.31,0.0,0.0,4.91,3.68,34.22,17.32,22.59,16.94,58.91,53.02,47.57,58.26,0.71,0.64,0.57,0.68
90,122540,muebles,estanterías y librerías,150.0,2018-12-02,0.28,805.0,5.0,9.0,1.38,0.0,0.0,0.0,0.0,0.0,0.0,0.0,0.006211180124223602,0.29,0.29,0.28,0.28,1459.0,2609.0,2821.43,2415.32,9.43,26.0,27.0,23.29,0.01,0.01,0.01,0.01,10.57,15.29,15.0,14.61,2.86,7.9,7.63,6.58,0.0,0.0,0.03,0.02,0.0,0.04,0.13,0.31,0.0,0.0,4.91,3.68,0.0,17.11,22.59,16.94,11.78,53.02,43.64,58.26,0.14,0.64,0.52,0.68
91,122540,muebles,estanterías y librerías,150.0,2018-12-03,0.4,834.0,8.0,0.0,3.19,0.0,0.0,0.0,0.0,0.0,0.0,0.0,0.009592326139088728,0.3,0.3,0.28,0.28,853.29,2414.0,2780.1,2419.29,5.86,23.86,26.86,23.14,0.01,0.01,0.01,0.01,10.57,13.93,15.0,13.61,1.76,7.41,7.66,6.53,0.0,0.0,0.03,0.02,0.0,0.04,0.13,0.24,0.0,0.0,4.91,3.68,0.0,17.11,22.59,16.94,0.0,53.02,39.28,45.17,0.0,0.64,0.48,0.54
92,122540,muebles,estanterías y librerías,150.0,2018-12-04,0.3,1324.0,10.0,0.0,2.96,1.0,2.0,114.23,228.46,91.65,1.0,38.59,0.0075528700906344415,0.28,0.31,0.29,0.28,1012.29,2241.71,2766.95,2417.86,6.71,21.29,26.81,22.96,0.01,0.01,0.01,0.01,7.86,13.29,14.57,13.61,1.93,6.75,7.68,6.49,0.14,0.07,0.08,0.06,0.29,0.19,0.23,0.31,16.32,8.16,10.35,7.76,32.64,33.43,33.47,25.1,13.09,53.68,43.64,45.17,0.14,0.64,0.52,0.54
93,122540,muebles,estanterías y librerías,150.0,2018-12-05,0.27,1280.0,14.0,0.0,3.84,0.0,0.0,0.0,0.0,0.0,0.0,0.0,0.0109375,0.29,0.31,0.29,0.28,1071.14,2097.64,2763.86,2412.11,8.0,20.29,26.67,23.04,0.01,0.01,0.01,0.01,6.57,12.64,12.81,12.93,2.31,6.53,7.66,6.52,0.14,0.07,0.08,0.06,0.29,0.19,0.23,0.28,16.32,8.16,10.35,7.76,32.64,33.43,33.47,25.1,13.09,53.68,43.64,38.95,0.14,0.64,0.52,0.46
94,122540,muebles,estanterías y librerías,150.0,2018-12-06,0.27,1420.0,16.0,0.0,4.25,0.0,0.0,0.0,0.0,0.0,0.0,0.0,0.011267605633802818,0.29,0.31,0.29,0.28,1164.29,1922.5,2694.14,2422.64,9.14,19.0,26.38,23.07,0.01,0.01,0.01,0.01,5.29,10.64,12.81,12.93,2.65,6.23,7.59,6.51,0.14,0.07,0.08,0.06,0.29,0.19,0.23,0.24,16.32,8.16,10.35,7.76,32.64,33.43,33.47,25.1,13.09,53.68,43.64,38.95,0.14,0.64,0.52,0.46
95,122540,muebles,estanterías y librerías,150.0,2018-12-07,0.29,1772.0,13.0,9.0,3.81,0.0,0.0,0.0,0.0,0.0,0.0,0.0,0.007336343115124154,0.3,0.31,0.29,0.28,1225.0,1809.57,2591.14,2432.57,10.43,17.57,25.24,23.14,0.01,0.01,0.01,0.01,3.86,10.64,12.81,13.25,3.06,5.74,7.34,6.56,0.14,0.07,0.05,0.06,0.29,0.19,0.17,0.24,16.32,8.16,5.44,7.76,32.64,33.43,24.43,25.1,13.09,36.0,43.64,38.95,0.14,0.43,0.52,0.46
96,122540,muebles,estanterías y librerías,150.0,2018-12-08,0.28,1781.0,22.0,19.0,6.1,0.0,0.0,0.0,0.0,0.0,0.0,0.0,0.012352610892756879,0.3,0.3,0.29,0.28,1316.57,1641.36,2428.76,2461.5,12.57,15.71,24.0,23.68,0.01,0.01,0.01,0.01,5.29,8.64,13.29,12.93,3.65,4.85,7.09,6.7,0.14,0.07,0.05,0.06,0.29,0.19,0.13,0.2,16.32,8.16,5.44,7.76,32.64,33.43,22.42,25.1,13.09,36.0,39.71,38.95,0.14,0.43,0.48,0.46
97,122540,muebles,estanterías y librerías,150.0,2018-12-09,0.28,1750.0,18.0,0.0,5.05,0.0,0.0,0.0,0.0,0.0,0.0,0.0,0.010285714285714285,0.3,0.3,0.3,0.28,1451.57,1455.29,2223.19,2478.96,14.43,11.93,22.14,23.86,0.01,0.01,0.01,0.01,4.0,7.29,11.52,12.25,4.17,3.52,6.65,6.76,0.14,0.07,0.05,0.06,0.29,0.14,0.12,0.17,16.32,8.16,5.44,7.76,32.64,16.32,22.28,25.1,13.09,12.44,39.71,36.0,0.14,0.14,0.48,0.43
98,122540,muebles,estanterías y librerías,150.0,2018-12-10,0.28,2513.0,16.0,9.0,4.47,0.0,0.0,0.0,0.0,0.0,0.0,0.0,0.006366892160764027,0.28,0.29,0.3,0.28,1691.43,1272.36,2173.14,2507.93,15.57,10.71,21.1,24.04,0.01,0.01,0.01,0.01,5.29,7.93,11.05,12.57,4.35,3.06,6.39,6.83,0.14,0.07,0.05,0.06,0.29,0.14,0.12,0.17,16.32,8.16,5.44,7.76,32.64,16.32,22.28,25.1,13.09,6.55,39.71,32.73,0.14,0.07,0.48,0.39
99,122540,muebles,estanterías y librerías,150.0,2018-12-11,0.31,2222.0,22.0,28.0,6.74,0.0,0.0,0.0,0.0,0.0,0.0,0.0,0.009900990099009901,0.28,0.28,0.3,0.29,1819.71,1416.0,2101.05,2530.14,17.29,12.0,19.95,24.43,0.01,0.01,0.01,0.01,9.29,8.57,11.95,13.25,4.89,3.41,6.13,6.98,0.0,0.07,0.05,0.06,0.0,0.14,0.12,0.17,0.0,8.16,5.44,7.76,0.0,16.32,22.28,25.1,0.0,6.55,35.79,32.73,0.0,0.07,0.43,0.39
100,122540,muebles,estanterías y librerías,150.0,2018-12-12,0.33,1862.0,18.0,0.0,5.96,0.0,0.0,0.0,0.0,0.0,0.0,0.0,0.00966702470461869,0.29,0.29,0.3,0.29,1902.86,1487.0,2032.71,2548.61,17.86,12.93,19.48,24.46,0.01,0.01,0.01,0.01,9.29,7.93,11.52,11.93,5.2,3.76,6.09,7.05,0.0,0.07,0.05,0.06,0.0,0.14,0.12,0.17,0.0,8.16,5.44,7.76,0.0,16.32,22.28,25.1,0.0,6.55,35.79,32.73,0.0,0.07,0.43,0.39
101,122540,muebles,estanterías y librerías,150.0,2018-12-13,0.36,2007.0,8.0,9.0,2.9,0.0,0.0,0.0,0.0,0.0,0.0,0.0,0.003986048829098156,0.3,0.3,0.31,0.29,1986.71,1575.5,1943.9,2517.29,16.71,12.93,18.24,23.96,0.01,0.01,0.01,0.01,10.57,7.93,10.62,12.25,5.0,3.83,5.82,6.95,0.0,0.07,0.05,0.06,0.0,0.14,0.12,0.17,0.0,8.16,5.44,7.76,0.0,16.32,22.28,25.1,0.0,6.55,35.79,32.73,0.0,0.07,0.43,0.39
102,122540,muebles,estanterías y librerías,150.0,2018-12-14,0.39,1865.0,7.0,19.0,2.75,0.0,0.0,0.0,0.0,0.0,0.0,0.0,0.0037533512064343165,0.32,0.31,0.31,0.3,2000.0,1612.5,1873.05,2443.36,15.86,13.14,17.0,22.89,0.01,0.01,0.01,0.01,12.0,7.93,11.1,12.61,4.85,3.96,5.44,6.72,0.0,0.07,0.05,0.04,0.0,0.14,0.12,0.13,0.0,8.16,5.44,4.08,0.0,16.32,22.28,18.33,0.0,6.55,24.0,32.73,0.0,0.07,0.29,0.39
103,122540,muebles,estanterías y librerías,150.0,2018-12-15,0.31,1700.0,12.0,0.0,3.71,0.0,0.0,0.0,0.0,0.0,0.0,0.0,0.007058823529411765,0.32,0.31,0.31,0.3,1988.43,1652.5,1757.05,2318.68,14.43,13.5,15.29,21.61,0.01,0.01,0.01,0.01,9.29,7.29,8.86,12.29,4.51,4.08,4.74,6.44,0.0,0.07,0.05,0.04,0.0,0.14,0.12,0.09,0.0,8.16,5.44,4.08,0.0,16.32,22.28,16.82,0.0,6.55,24.0,29.78,0.0,0.07,0.29,0.36
104,122540,muebles,estanterías y librerías,150.0,2018-12-16,0.33,1618.0,14.0,9.0,4.61,0.0,0.0,0.0,0.0,0.0,0.0,0.0,0.00865265760197775,0.33,0.31,0.31,0.3,1969.57,1710.57,1626.71,2159.79,13.86,14.14,12.57,20.07,0.01,0.01,0.01,0.01,10.57,7.29,8.38,11.29,4.45,4.31,3.83,6.1,0.0,0.07,0.05,0.04,0.0,0.14,0.1,0.09,0.0,8.16,5.44,4.08,0.0,16.32,10.88,16.71,0.0,6.55,8.29,29.78,0.0,0.07,0.1,0.36
105,122540,muebles,estanterías y librerías,150.0,2018-12-17,0.31,2824.0,20.0,28.0,6.13,0.0,0.0,0.0,0.0,0.0,0.0,0.0,0.007082152974504249,0.33,0.31,0.31,0.31,2014.0,1852.71,1519.57,2133.36,14.43,15.0,11.95,19.43,0.01,0.01,0.01,0.01,13.29,9.29,9.71,11.61,4.69,4.52,3.6,5.96,0.0,0.07,0.05,0.04,0.0,0.14,0.1,0.09,0.0,8.16,5.44,4.08,0.0,16.32,10.88,16.71,0.0,6.55,4.36,29.78,0.0,0.07,0.05,0.36
106,122540,muebles,estanterías y librerías,150.0,2018-12-18,0.3,2758.0,23.0,9.0,6.96,0.0,0.0,0.0,0.0,0.0,0.0,0.0,0.008339376359680928,0.33,0.31,0.3,0.31,2090.57,1955.14,1640.86,2098.43,14.57,15.93,12.86,18.61,0.01,0.01,0.01,0.01,10.57,9.93,9.24,11.61,4.72,4.81,3.85,5.78,0.0,0.0,0.05,0.04,0.0,0.0,0.1,0.09,0.0,0.0,5.44,4.08,0.0,0.0,10.88,16.71,0.0,0.0,4.36,26.84,0.0,0.0,0.05,0.32
107,122540,muebles,estanterías y librerías,150.0,2018-12-19,0.34,2399.0,16.0,9.0,5.38,0.0,0.0,0.0,0.0,0.0,0.0,0.0,0.006669445602334306,0.33,0.31,0.3,0.31,2167.29,2035.07,1713.76,2066.36,14.29,16.07,13.38,18.18,0.01,0.01,0.01,0.01,11.86,10.57,9.24,11.61,4.63,4.92,4.05,5.72,0.0,0.0,0.05,0.04,0.0,0.0,0.1,0.09,0.0,0.0,5.44,4.08,0.0,0.0,10.88,16.71,0.0,0.0,4.36,26.84,0.0,0.0,0.05,0.32
108,122540,muebles,estanterías y librerías,150.0,2018-12-20,0.34,1907.0,21.0,0.0,7.06,0.0,0.0,0.0,0.0,0.0,0.0,0.0,0.01101206082852648,0.33,0.32,0.31,0.31,2153.0,2069.86,1768.0,1996.18,16.14,16.43,14.0,17.71,0.01,0.01,0.01,0.01,10.57,10.57,8.81,10.61,5.23,5.12,4.3,5.67,0.0,0.0,0.05,0.04,0.0,0.0,0.1,0.09,0.0,0.0,5.44,4.08,0.0,0.0,10.88,16.71,0.0,0.0,4.36,26.84,0.0,0.0,0.05,0.32
109,122540,muebles,estanterías y librerías,150.0,2018-12-21,0.37,1925.0,21.0,0.0,7.68,0.0,0.0,0.0,0.0,0.0,0.0,0.0,0.01090909090909091,0.33,0.32,0.32,0.32,2161.57,2080.79,1795.52,1945.18,18.14,17.0,14.81,17.29,0.01,0.01,0.01,0.01,7.86,9.93,7.9,10.29,5.93,5.39,4.61,5.57,0.0,0.0,0.05,0.04,0.0,0.0,0.1,0.09,0.0,0.0,5.44,4.08,0.0,0.0,10.88,16.71,0.0,0.0,4.36,18.0,0.0,0.0,0.05,0.21
110,122540,muebles,estanterías y librerías,150.0,2018-12-22,0.37,2285.0,18.0,9.0,6.63,0.0,0.0,0.0,0.0,0.0,0.0,0.0,0.00787746170678337,0.34,0.33,0.32,0.31,2245.14,2116.79,1850.05,1879.07,19.0,16.71,15.33,16.21,0.01,0.01,0.01,0.01,9.14,9.21,7.9,8.93,6.35,5.43,4.84,5.14,0.0,0.0,0.05,0.04,0.0,0.0,0.1,0.09,0.0,0.0,5.44,4.08,0.0,0.0,10.88,16.71,0.0,0.0,4.36,18.0,0.0,0.0,0.05,0.21
111,122540,muebles,estanterías y librerías,150.0,2018-12-23,0.41,1618.0,16.0,0.0,6.61,0.0,0.0,0.0,0.0,0.0,0.0,0.0,0.009888751545117428,0.35,0.34,0.33,0.32,2245.14,2107.36,1888.76,1781.32,19.29,16.57,15.86,14.25,0.01,0.01,0.01,0.01,7.86,9.21,7.48,8.25,6.64,5.54,5.09,4.53,0.0,0.0,0.05,0.04,0.0,0.0,0.1,0.07,0.0,0.0,5.44,4.08,0.0,0.0,10.88,8.16,0.0,0.0,4.36,6.22,0.0,0.0,0.05,0.07
112,122540,muebles,estanterías y librerías,150.0,2018-12-24,0.4,2352.0,26.0,0.0,10.28,0.0,0.0,0.0,0.0,0.0,0.0,0.0,0.011054421768707483,0.36,0.35,0.33,0.32,2177.71,2095.86,1961.05,1684.11,20.14,17.29,16.71,14.0,0.01,0.01,0.01,0.01,3.86,8.57,7.48,8.25,7.23,5.96,5.42,4.51,0.0,0.0,0.05,0.04,0.0,0.0,0.1,0.07,0.0,0.0,5.44,4.08,0.0,0.0,10.88,8.16,0.0,0.0,4.36,3.27,0.0,0.0,0.05,0.04
113,122540,muebles,estanterías y librerías,150.0,2018-12-25,0.35,2262.0,17.0,28.0,5.99,0.0,0.0,0.0,0.0,0.0,0.0,0.0,0.007515473032714412,0.37,0.35,0.33,0.32,2106.86,2098.71,2005.71,1757.36,19.29,16.93,17.05,14.46,0.01,0.01,0.01,0.01,6.57,8.57,8.81,8.57,7.09,5.9,5.57,4.66,0.0,0.0,0.0,0.04,0.0,0.0,0.0,0.07,0.0,0.0,0.0,4.08,0.0,0.0,0.0,8.16,0.0,0.0,0.0,3.27,0.0,0.0,0.0,0.04
114,122540,muebles,estanterías y librerías,150.0,2018-12-26,0.34,2544.0,20.0,19.0,6.75,0.0,0.0,0.0,0.0,0.0,0.0,0.0,0.007861635220125786,0.37,0.35,0.33,0.32,2127.57,2147.43,2065.9,1817.21,19.86,17.07,17.33,15.0,0.01,0.01,0.01,0.01,8.0,9.93,9.71,8.93,7.29,5.96,5.71,4.86,0.0,0.0,0.0,0.04,0.0,0.0,0.0,0.07,0.0,0.0,0.0,4.08,0.0,0.0,0.0,8.16,0.0,0.0,0.0,3.27,0.0,0.0,0.0,0.04
115,122540,muebles,estanterías y librerías,150.0,2018-12-27,0.31,2713.0,21.0,0.0,6.47,0.0,0.0,0.0,0.0,0.0,0.0,0.0,0.007740508661997788,0.36,0.35,0.33,0.32,2242.71,2197.86,2127.48,1886.68,19.86,18.0,17.57,15.46,0.01,0.01,0.01,0.01,8.0,9.29,9.71,8.61,7.2,6.22,5.81,5.02,0.0,0.0,0.0,0.04,0.0,0.0,0.0,0.07,0.0,0.0,0.0,4.08,0.0,0.0,0.0,8.16,0.0,0.0,0.0,3.27,0.0,0.0,0.0,0.04
116,122540,muebles,estanterías y librerías,150.0,2018-12-28,0.29,1775.0,17.0,0.0,4.85,0.0,0.0,0.0,0.0,0.0,0.0,0.0,0.009577464788732394,0.35,0.34,0.33,0.32,2221.29,2191.43,2127.62,1901.96,19.29,18.71,17.76,15.93,0.01,0.01,0.01,0.01,8.0,7.93,9.29,7.93,6.8,6.37,5.86,5.16,0.0,0.0,0.0,0.04,0.0,0.0,0.0,0.07,0.0,0.0,0.0,4.08,0.0,0.0,0.0,8.16,0.0,0.0,0.0,3.27,0.0,0.0,0.0,0.04
117,122540,muebles,estanterías y librerías,150.0,2018-12-29,0.3,1642.0,10.0,9.0,3.04,0.07,0.11,13.8,21.41,0.0,0.0,4.54,0.0060901339829476245,0.34,0.34,0.33,0.33,2129.43,2187.29,2121.0,1919.89,18.14,18.57,17.19,16.04,0.01,0.01,0.01,0.01,8.0,8.57,8.81,7.93,6.28,6.32,5.72,5.2,0.01,0.0,0.0,0.04,0.02,0.01,0.01,0.08,1.97,0.99,0.66,4.57,3.06,1.53,1.02,8.92,0.0,0.0,0.0,3.27,0.0,0.0,0.0,0.04
118,122540,muebles,estanterías y librerías,150.0,2018-12-30,0.31,2453.0,18.0,0.0,5.66,0.0,0.0,0.0,0.0,0.0,0.0,0.0,0.007337953526294333,0.33,0.34,0.34,0.33,2248.71,2246.93,2154.48,1978.75,18.43,18.86,17.19,16.5,0.01,0.01,0.01,0.01,8.0,7.93,8.81,7.61,6.15,6.39,5.74,5.35,0.01,0.0,0.0,0.04,0.02,0.01,0.01,0.08,1.97,0.99,0.66,4.57,3.06,1.53,1.02,8.92,0.0,0.0,0.0,3.27,0.0,0.0,0.0,0.04
119,122540,muebles,estanterías y librerías,150.0,2018-12-31,0.36,2703.0,26.0,0.0,9.34,0.14,0.18,9.24,11.83,0.0,0.0,0.99,0.009618941916389198,0.32,0.34,0.34,0.32,2298.86,2238.29,2163.52,2045.5,18.43,19.29,17.67,17.14,0.01,0.01,0.01,0.01,8.0,5.93,8.38,7.61,6.01,6.62,5.98,5.57,0.03,0.02,0.01,0.04,0.04,0.02,0.01,0.08,3.29,1.65,1.1,4.9,4.75,2.37,1.58,9.35,0.0,0.0,0.0,3.27,0.0,0.0,0.0,0.04
120,122540,muebles,estanterías y librerías,150.0,2019-01-01,0.39,1007.0,9.0,75.0,3.55,0.0,0.0,0.0,0.0,0.0,0.0,0.0,0.00893743793445879,0.33,0.35,0.34,0.33,2119.57,2113.21,2105.67,2034.18,17.29,18.29,17.05,17.11,0.01,0.01,0.01,0.01,14.71,10.64,10.62,10.29,5.67,6.38,5.82,5.59,0.03,0.02,0.01,0.01,0.04,0.02,0.01,0.01,3.29,1.65,1.1,0.82,4.75,2.37,1.58,1.19,0.0,0.0,0.0,0.0,0.0,0.0,0.0,0.0
121,122540,muebles,estanterías y librerías,150.0,2019-01-02,0.23,1160.0,14.0,0.0,3.23,0.0,0.06,0.0,8.22,0.0,0.0,0.0,0.01206896551724138,0.31,0.34,0.34,0.33,1921.86,2024.71,2072.24,2029.89,16.43,18.14,16.86,17.11,0.01,0.01,0.01,0.01,12.0,10.0,10.62,10.29,5.16,6.22,5.69,5.57,0.03,0.02,0.01,0.01,0.05,0.02,0.02,0.01,3.29,1.65,1.1,0.82,5.92,2.96,1.97,1.48,0.0,0.0,0.0,0.0,0.0,0.0,0.0,0.0
122,122540,muebles,estanterías y librerías,150.0,2019-01-03,0.27,1035.0,11.0,0.0,2.95,0.0,0.0,0.0,0.0,0.0,0.0,0.0,0.010628019323671498,0.31,0.34,0.33,0.33,1682.14,1962.43,2025.95,2016.14,15.0,17.43,17.0,16.93,0.01,0.01,0.01,0.01,12.0,10.0,10.19,10.29,4.66,5.93,5.7,5.52,0.03,0.02,0.01,0.01,0.05,0.02,0.02,0.01,3.29,1.65,1.1,0.82,5.92,2.96,1.97,1.48,0.0,0.0,0.0,0.0,0.0,0.0,0.0,0.0
123,122540,muebles,estanterías y librerías,150.0,2019-01-04,0.34,1341.0,14.0,9.0,4.74,0.0,0.0,0.0,0.0,0.0,0.0,0.0,0.010439970171513796,0.31,0.33,0.33,0.33,1620.14,1920.71,2001.0,2000.75,14.57,16.93,17.33,16.96,0.01,0.01,0.01,0.01,13.29,10.64,9.71,10.29,4.64,5.72,5.79,5.56,0.03,0.02,0.01,0.01,0.05,0.02,0.02,0.01,3.29,1.65,1.1,0.82,5.92,2.96,1.97,1.48,0.0,0.0,0.0,0.0,0.0,0.0,0.0,0.0
124,122540,muebles,estanterías y librerías,150.0,2019-01-05,0.28,1194.0,14.0,0.0,3.94,0.0,0.0,0.0,0.0,0.0,0.0,0.0,0.011725293132328308,0.31,0.33,0.33,0.33,1556.14,1842.79,1976.9,1979.79,15.14,16.64,17.43,16.68,0.01,0.01,0.01,0.01,12.0,10.0,9.71,9.61,4.77,5.53,5.8,5.48,0.02,0.02,0.01,0.01,0.03,0.02,0.02,0.01,1.32,1.65,1.1,0.82,2.86,2.96,1.97,1.48,0.0,0.0,0.0,0.0,0.0,0.0,0.0,0.0
125,122540,muebles,estanterías y librerías,150.0,2019-01-06,0.3,1903.0,20.0,0.0,6.03,0.0,0.0,0.0,0.0,0.0,0.0,0.0,0.010509721492380452,0.31,0.32,0.33,0.33,1477.57,1863.14,1990.48,1985.25,15.43,16.93,17.71,16.75,0.01,0.01,0.01,0.01,12.0,10.0,9.29,9.61,4.83,5.49,5.87,5.51,0.02,0.02,0.01,0.01,0.03,0.02,0.02,0.01,1.32,1.65,1.1,0.82,2.86,2.96,1.97,1.48,0.0,0.0,0.0,0.0,0.0,0.0,0.0,0.0
126,122540,muebles,estanterías y librerías,150.0,2019-01-07,0.31,2917.0,24.0,9.0,7.53,0.0,0.0,0.0,0.0,0.0,0.0,0.0,0.0082276311278711,0.3,0.31,0.33,0.33,1508.14,1903.5,1994.9,1999.68,15.14,16.79,17.9,17.04,0.01,0.01,0.01,0.01,13.29,10.64,8.38,9.61,4.57,5.29,5.94,5.62,0.0,0.02,0.01,0.01,0.01,0.02,0.02,0.01,0.0,1.65,1.1,0.82,1.17,2.96,1.97,1.48,0.0,0.0,0.0,0.0,0.0,0.0,0.0,0.0
127,122540,muebles,estanterías y librerías,150.0,2019-01-08,0.3,584.0,5.0,9.0,1.52,0.45,0.95,44.74,94.64,0.0,0.0,29.43,0.008561643835616438,0.29,0.31,0.33,0.33,1447.71,1783.64,1891.38,1941.18,14.57,15.93,17.05,16.43,0.01,0.01,0.01,0.01,3.86,9.29,8.38,8.93,4.28,4.97,5.68,5.44,0.06,0.05,0.03,0.02,0.14,0.09,0.06,0.05,6.39,4.84,3.23,2.42,14.69,9.72,6.48,4.86,0.0,0.0,0.0,0.0,0.0,0.0,0.0,0.0
128,122540,muebles,estanterías y librerías,100.0,2019-01-09,0.32,2273.0,25.0,9.0,7.97,0.0,0.0,0.0,0.0,82.48,1.0,0.0,0.010998680158380994,0.3,0.31,0.33,0.33,1606.71,1764.29,1885.38,1955.86,16.14,16.29,17.48,16.68,0.01,0.01,0.01,0.01,5.14,8.57,8.38,9.25,4.95,5.06,5.8,5.51,0.06,0.05,0.03,0.02,0.14,0.09,0.06,0.05,6.39,4.84,3.23,2.42,13.52,9.72,6.48,4.86,11.78,5.89,3.93,2.95,0.14,0.07,0.05,0.04
129,122540,muebles,estanterías y librerías,100.0,2019-01-10,0.28,3387.0,35.0,0.0,9.82,0.0,0.0,0.0,0.0,0.0,0.0,0.0,0.010333628579864187,0.3,0.31,0.33,0.33,1942.71,1812.43,1955.86,2005.14,19.57,17.29,18.14,17.64,0.01,0.01,0.01,0.01,5.14,8.57,8.38,8.93,5.94,5.3,5.93,5.76,0.06,0.05,0.03,0.02,0.14,0.09,0.06,0.05,6.39,4.84,3.23,2.42,13.52,9.72,6.48,4.86,11.78,5.89,3.93,2.95,0.14,0.07,0.05,0.04
130,122540,muebles,estanterías y librerías,100.0,2019-01-11,0.25,2224.0,24.0,19.0,5.93,0.0,0.0,0.0,0.0,0.0,0.0,0.0,0.01079136690647482,0.29,0.3,0.32,0.32,2068.86,1844.5,1970.1,2017.96,21.0,17.79,18.29,18.25,0.01,0.01,0.01,0.01,6.57,9.93,9.29,8.93,6.11,5.38,5.85,5.87,0.06,0.05,0.03,0.02,0.14,0.09,0.06,0.05,6.39,4.84,3.23,2.42,13.52,9.72,6.48,4.86,11.78,5.89,3.93,2.95,0.14,0.07,0.05,0.04
131,122540,muebles,estanterías y librerías,100.0,2019-01-12,0.27,1619.0,19.0,9.0,5.05,1.0,2.0,99.8,199.6,0.0,0.0,19.76,0.01173563928350834,0.29,0.3,0.31,0.32,2129.57,1842.86,1938.38,2015.07,21.71,18.43,18.33,18.5,0.01,0.01,0.01,0.01,7.86,9.93,9.29,9.25,6.26,5.52,5.77,5.92,0.21,0.11,0.08,0.06,0.42,0.23,0.16,0.12,20.65,10.98,7.98,5.98,42.03,22.45,15.99,11.99,11.78,5.89,3.93,2.95,0.14,0.07,0.05,0.04
132,122540,muebles,estanterías y librerías,100.0,2019-01-13,0.27,1328.0,19.0,37.0,5.1,0.0,0.0,0.0,0.0,164.96,2.0,0.0,0.01430722891566265,0.29,0.3,0.31,0.32,2047.43,1762.5,1924.57,2004.71,21.57,18.5,18.48,18.68,0.01,0.01,0.01,0.01,13.14,12.57,11.05,10.25,6.13,5.48,5.7,5.94,0.21,0.11,0.08,0.06,0.42,0.23,0.16,0.12,20.65,10.98,7.98,5.98,42.03,22.45,15.99,11.99,35.35,17.67,11.78,8.84,0.43,0.21,0.14,0.11
133,122540,muebles,estanterías y librerías,100.0,2019-01-14,0.3,1477.0,20.0,19.0,5.9,0.0,0.0,0.0,0.0,82.48,1.0,0.0,0.013540961408259987,0.28,0.29,0.3,0.32,1841.71,1674.93,1882.9,1956.61,21.0,18.07,18.19,18.68,0.01,0.01,0.01,0.01,14.57,13.93,11.95,9.93,5.9,5.23,5.49,5.93,0.21,0.1,0.08,0.06,0.42,0.21,0.16,0.12,20.65,10.32,7.98,5.98,42.03,21.6,15.99,11.99,47.13,23.57,15.71,11.78,0.57,0.29,0.19,0.14
134,122540,muebles,estanterías y librerías,100.0,2019-01-15,0.4,1391.0,14.0,19.0,5.58,0.0,0.0,0.0,0.0,82.48,1.0,0.0,0.010064701653486701,0.3,0.29,0.31,0.32,1957.0,1702.36,1841.43,1907.79,22.29,18.43,18.05,18.36,0.01,0.01,0.01,0.01,16.0,9.93,11.52,10.29,6.48,5.38,5.47,5.88,0.14,0.1,0.08,0.06,0.29,0.21,0.16,0.12,14.26,10.32,7.98,5.98,28.51,21.6,15.99,11.99,58.91,29.46,19.64,14.73,0.71,0.36,0.24,0.18
135,122540,muebles,estanterías y librerías,100.0,2019-01-16,0.34,1783.0,22.0,47.0,7.49,1.0,2.0,99.8,199.6,160.84,2.0,13.32,0.012338754907459339,0.3,0.3,0.31,0.32,1887.0,1746.86,1805.19,1885.79,21.86,19.0,18.14,18.57,0.01,0.01,0.01,0.01,21.43,13.29,12.86,11.64,6.41,5.68,5.51,5.95,0.29,0.18,0.13,0.1,0.57,0.35,0.25,0.19,28.51,17.45,12.73,9.55,57.03,35.27,25.49,19.12,70.11,40.95,27.3,20.47,0.86,0.5,0.33,0.25
136,122540,muebles,estanterías y librerías,100.0,2019-01-17,0.29,2017.0,19.0,84.0,5.49,0.0,0.0,0.0,0.0,0.0,0.0,0.0,0.009419930589985127,0.3,0.3,0.3,0.32,1691.29,1817.0,1772.05,1889.71,19.57,19.57,18.05,18.5,0.01,0.01,0.01,0.01,33.43,19.29,16.86,14.64,5.79,5.86,5.46,5.9,0.29,0.18,0.13,0.1,0.57,0.35,0.25,0.19,28.51,17.45,12.73,9.55,57.03,35.27,25.49,19.12,70.11,40.95,27.3,20.47,0.86,0.5,0.33,0.25
137,122540,muebles,estanterías y librerías,100.0,2019-01-18,0.25,2027.0,19.0,37.0,4.74,0.0,0.0,0.0,0.0,0.0,0.0,0.0,0.009373458312777503,0.3,0.3,0.3,0.32,1663.14,1866.0,1784.05,1893.36,18.86,19.93,18.14,18.43,0.01,0.01,0.01,0.01,36.0,21.29,18.62,15.96,5.62,5.86,5.46,5.79,0.29,0.18,0.13,0.1,0.57,0.35,0.25,0.19,28.51,17.45,12.73,9.55,57.03,35.27,25.49,19.12,70.11,40.95,27.3,20.47,0.86,0.5,0.33,0.25
138,122540,muebles,estanterías y librerías,100.0,2019-01-19,0.26,1543.0,17.0,56.0,4.35,0.0,0.0,0.0,0.0,0.0,0.0,0.0,0.01101749837977965,0.3,0.3,0.3,0.31,1652.29,1890.93,1779.33,1866.86,18.57,20.14,18.48,18.39,0.01,0.01,0.01,0.01,42.71,25.29,20.86,17.64,5.52,5.89,5.52,5.71,0.14,0.18,0.12,0.1,0.29,0.35,0.25,0.19,14.26,17.45,12.08,9.55,28.51,35.27,24.47,19.12,70.11,40.95,27.3,20.47,0.86,0.5,0.33,0.25
139,122540,muebles,estanterías y librerías,100.0,2019-01-20,0.22,1553.0,12.0,19.0,2.66,0.0,0.0,0.0,0.0,0.0,0.0,0.0,0.0077269800386349004,0.29,0.29,0.3,0.3,1684.43,1865.93,1736.48,1864.54,17.57,19.57,18.19,18.25,0.01,0.01,0.01,0.01,40.14,26.64,21.76,18.32,5.17,5.65,5.38,5.57,0.14,0.18,0.12,0.1,0.29,0.35,0.25,0.19,14.26,17.45,12.08,9.55,28.51,35.27,24.47,19.12,46.54,40.95,27.3,20.47,0.57,0.5,0.33,0.25
140,122540,muebles,estanterías y librerías,100.0,2019-01-21,0.23,1839.0,23.0,56.0,5.28,0.0,0.0,0.0,0.0,82.48,1.0,0.0,0.012506797172376292,0.28,0.28,0.29,0.3,1736.14,1788.93,1695.33,1846.21,18.0,19.5,18.05,18.14,0.01,0.01,0.01,0.01,45.43,30.0,24.43,20.32,5.08,5.49,5.18,5.39,0.14,0.18,0.12,0.1,0.29,0.35,0.24,0.19,14.26,17.45,11.64,9.55,28.51,35.27,23.91,19.12,46.54,46.84,31.22,23.42,0.57,0.57,0.38,0.29
141,122540,muebles,estanterías y librerías,100.0,2019-01-22,0.37,1400.0,6.0,28.0,2.21,0.0,0.0,0.0,0.0,0.0,0.0,0.0,0.004285714285714286,0.28,0.29,0.29,0.3,1737.43,1847.21,1714.05,1815.43,16.86,19.57,17.9,17.75,0.01,0.01,0.01,0.01,46.71,31.36,22.19,20.32,4.6,5.54,5.12,5.26,0.14,0.14,0.12,0.1,0.29,0.29,0.24,0.19,14.26,14.26,11.64,9.55,28.51,28.51,23.91,19.12,34.76,46.84,31.22,23.42,0.43,0.57,0.38,0.29
142,122540,muebles,estanterías y librerías,100.0,2019-01-23,0.32,1570.0,9.0,47.0,2.87,0.33,0.33,17.67,17.67,0.0,0.0,6.16,0.005732484076433121,0.28,0.29,0.29,0.3,1707.0,1797.0,1733.57,1780.64,15.0,18.43,17.67,17.36,0.01,0.01,0.01,0.01,46.71,34.07,24.43,21.32,3.94,5.18,5.1,5.12,0.05,0.17,0.13,0.11,0.05,0.31,0.25,0.2,2.52,15.52,12.48,10.18,2.52,29.78,24.36,19.75,11.78,40.95,31.22,23.42,0.14,0.5,0.38,0.29
143,122540,muebles,estanterías y librerías,100.0,2019-01-24,0.26,1328.0,14.0,19.0,3.68,0.62,0.62,35.72,35.72,0.0,0.0,9.71,0.010542168674698794,0.27,0.29,0.29,0.3,1608.57,1649.93,1747.52,1731.18,14.29,16.93,17.81,17.11,0.01,0.01,0.01,0.01,37.43,35.43,25.33,22.0,3.68,4.74,5.14,5.02,0.14,0.21,0.16,0.13,0.14,0.35,0.28,0.22,7.63,18.07,14.18,11.46,7.63,32.33,26.06,21.02,11.78,40.95,31.22,23.42,0.14,0.5,0.38,0.29
144,122540,muebles,estanterías y librerías,100.0,2019-01-25,0.23,1749.0,21.0,56.0,4.93,0.0,0.0,0.0,0.0,82.48,1.0,0.0,0.012006861063464836,0.27,0.29,0.29,0.29,1568.86,1616.0,1766.95,1730.25,14.57,16.71,18.14,17.25,0.01,0.01,0.01,0.01,40.14,38.07,27.57,24.0,3.71,4.67,5.15,5.02,0.14,0.21,0.16,0.13,0.14,0.35,0.28,0.22,7.63,18.07,14.18,11.46,7.63,32.33,26.06,21.02,23.57,46.84,35.15,26.36,0.29,0.57,0.43,0.32
145,122540,muebles,estanterías y librerías,100.0,2019-01-26,0.26,2014.0,22.0,56.0,5.73,0.0,0.0,0.0,0.0,0.0,0.0,0.0,0.010923535253227408,0.27,0.29,0.29,0.29,1636.14,1644.21,1806.0,1743.54,15.29,16.93,18.52,17.68,0.01,0.01,0.01,0.01,40.14,41.43,30.24,25.68,3.91,4.72,5.23,5.12,0.14,0.14,0.16,0.13,0.14,0.21,0.28,0.22,7.63,10.94,14.18,10.96,7.63,18.07,26.06,20.26,23.57,46.84,35.15,26.36,0.29,0.57,0.43,0.32
146,122540,muebles,estanterías y librerías,100.0,2019-01-27,0.24,1322.0,19.0,28.0,4.54,1.0,1.0,99.8,99.8,82.48,1.0,21.98,0.014372163388804841,0.27,0.28,0.28,0.29,1603.14,1643.79,1778.33,1703.14,16.29,16.93,18.48,17.71,0.01,0.01,0.01,0.01,41.43,40.79,31.57,26.68,4.18,4.68,5.16,5.08,0.28,0.21,0.21,0.16,0.28,0.28,0.33,0.25,21.88,18.07,18.93,14.53,21.88,25.2,30.81,23.82,35.35,40.95,39.08,29.31,0.43,0.5,0.48,0.36
147,122540,muebles,estanterías y librerías,100.0,2019-01-28,0.24,1850.0,29.0,47.0,7.07,0.0,0.0,0.0,0.0,82.48,1.0,0.0,0.015675675675675675,0.27,0.28,0.28,0.29,1604.71,1670.43,1727.52,1672.68,17.14,17.57,18.71,17.82,0.01,0.01,0.01,0.01,40.14,42.79,33.38,28.36,4.43,4.76,5.14,5.0,0.28,0.21,0.21,0.16,0.28,0.28,0.33,0.25,21.88,18.07,18.93,14.2,21.88,25.2,30.81,23.4,35.35,40.95,43.01,32.26,0.43,0.5,0.52,0.39
148,122540,muebles,estanterías y librerías,100.0,2019-01-29,0.26,1556.0,25.0,37.0,6.54,0.0,0.0,0.0,0.0,0.0,0.0,0.0,0.016066838046272493,0.26,0.27,0.28,0.28,1627.0,1682.21,1773.81,1692.29,19.86,18.36,19.67,18.39,0.01,0.01,0.01,0.01,41.43,44.07,34.71,27.0,5.05,4.83,5.38,5.1,0.28,0.21,0.19,0.16,0.28,0.28,0.28,0.25,21.88,18.07,16.8,14.2,21.88,25.2,26.3,23.4,35.35,35.05,43.01,32.26,0.43,0.43,0.52,0.39
149,122540,muebles,estanterías y librerías,100.0,2019-01-30,0.26,1761.0,19.0,28.0,4.94,0.0,0.0,0.0,0.0,0.0,0.0,0.0,0.010789324247586598,0.25,0.26,0.28,0.28,1654.29,1680.64,1749.43,1713.75,21.29,18.14,19.38,18.57,0.01,0.01,0.01,0.01,38.71,42.71,35.62,28.0,5.35,4.65,5.23,5.16,0.23,0.14,0.19,0.16,0.23,0.14,0.28,0.25,19.36,10.94,16.8,14.2,19.36,10.94,26.3,23.11,35.35,23.57,39.08,32.26,0.43,0.29,0.48,0.39
150,122540,muebles,estanterías y librerías,100.0,2019-01-31,0.3,1198.0,15.0,0.0,4.44,0.0,0.0,0.0,0.0,247.44,3.0,0.0,0.012520868113522538,0.26,0.26,0.28,0.28,1635.71,1622.14,1645.19,1719.57,21.43,17.86,18.43,18.71,0.01,0.01,0.01,0.01,36.0,36.71,35.62,28.0,5.46,4.57,4.98,5.22,0.14,0.14,0.19,0.16,0.14,0.14,0.28,0.25,14.26,10.94,16.8,14.2,14.26,10.94,26.3,23.11,70.7,41.24,50.86,41.09,0.86,0.5,0.62,0.5
151,122540,muebles,estanterías y librerías,100.0,2019-02-01,0.25,1940.0,20.0,28.0,4.96,0.0,0.0,0.0,0.0,0.0,0.0,0.0,0.010309278350515464,0.26,0.26,0.28,0.28,1663.0,1615.93,1631.67,1740.96,21.29,17.93,18.24,18.93,0.01,0.01,0.01,0.01,32.0,36.07,36.05,28.68,5.46,4.59,4.93,5.22,0.14,0.14,0.19,0.16,0.14,0.14,0.28,0.25,14.26,10.94,16.8,14.2,14.26,10.94,26.3,23.11,58.91,41.24,50.86,41.09,0.71,0.5,0.62,0.5
152,122540,muebles,estanterías y librerías,100.0,2019-02-02,0.26,1715.0,34.0,19.0,8.96,1.0,2.0,99.8,199.6,0.0,0.0,11.14,0.019825072886297375,0.26,0.26,0.28,0.28,1620.29,1628.21,1636.24,1759.57,23.0,19.14,18.95,19.64,0.01,0.01,0.01,0.01,26.71,33.43,36.52,29.36,5.92,4.92,5.12,5.4,0.29,0.21,0.19,0.19,0.43,0.28,0.28,0.32,28.51,18.07,16.8,17.76,42.77,25.2,26.3,30.24,58.91,41.24,50.86,41.09,0.71,0.5,0.62,0.5
153,122540,muebles,estanterías y librerías,100.0,2019-02-03,0.25,1938.0,23.0,19.0,5.66,0.0,0.0,0.0,0.0,82.48,1.0,0.0,0.011867905056759546,0.26,0.27,0.28,0.28,1708.29,1655.71,1665.29,1760.82,23.57,19.93,19.14,19.75,0.01,0.01,0.01,0.01,25.43,33.43,35.67,30.04,6.08,5.13,5.14,5.39,0.14,0.21,0.19,0.19,0.29,0.28,0.28,0.32,14.26,18.07,16.8,17.76,28.51,25.2,26.3,30.24,58.91,47.13,46.94,44.04,0.71,0.57,0.57,0.54
154,122540,muebles,estanterías y librerías,100.0,2019-02-04,0.26,2238.0,26.0,9.0,6.72,0.0,0.0,0.0,0.0,0.0,0.0,0.0,0.01161751563896336,0.26,0.27,0.27,0.28,1763.71,1684.21,1701.52,1736.57,23.14,20.14,19.43,19.82,0.01,0.01,0.01,0.01,20.0,30.07,35.19,30.04,6.03,5.23,5.18,5.36,0.14,0.21,0.19,0.19,0.29,0.28,0.28,0.32,14.26,18.07,16.8,17.76,28.51,25.2,26.3,30.24,47.13,41.24,43.01,44.04,0.57,0.5,0.52,0.54
155,122540,muebles,estanterías y librerías,100.0,2019-02-05,0.27,2736.0,21.0,47.0,5.77,0.0,0.0,0.0,0.0,0.0,0.0,0.0,0.007675438596491228,0.26,0.26,0.27,0.28,1932.29,1779.64,1765.57,1813.43,22.57,21.21,19.76,20.39,0.01,0.01,0.01,0.01,21.43,31.43,36.52,31.39,5.92,5.49,5.19,5.51,0.14,0.21,0.19,0.18,0.29,0.28,0.28,0.28,14.26,18.07,16.8,16.16,28.51,25.2,26.3,26.86,47.13,41.24,39.08,44.04,0.57,0.5,0.48,0.54
156,122540,muebles,estanterías y librerías,100.0,2019-02-06,0.25,1873.0,28.0,9.0,6.93,0.0,0.0,0.0,0.0,0.0,0.0,0.0,0.014949279231179925,0.26,0.26,0.26,0.27,1948.29,1801.29,1769.86,1799.14,23.86,22.57,20.05,20.5,0.01,0.01,0.01,0.01,18.71,28.71,34.71,31.39,6.21,5.78,5.17,5.48,0.14,0.19,0.14,0.18,0.29,0.26,0.19,0.28,14.26,16.81,12.05,16.16,28.51,23.94,16.8,26.86,47.13,41.24,31.42,41.09,0.57,0.5,0.38,0.5
157,122540,muebles,estanterías y librerías,100.0,2019-02-07,0.29,1786.0,22.0,28.0,6.31,0.0,0.0,0.0,0.0,0.0,0.0,0.0,0.012318029115341545,0.26,0.26,0.26,0.27,2032.29,1834.0,1758.86,1741.96,24.86,23.14,20.19,20.04,0.01,0.01,0.01,0.01,22.71,29.36,32.05,32.39,6.47,5.96,5.2,5.35,0.14,0.14,0.14,0.18,0.29,0.21,0.19,0.28,14.26,14.26,12.05,16.16,28.51,21.39,16.8,26.86,11.78,41.24,31.42,41.09,0.14,0.5,0.38,0.5
158,122540,muebles,estanterías y librerías,100.0,2019-02-08,0.28,3998.0,36.0,56.0,9.99,0.0,0.0,0.0,0.0,0.0,0.0,0.0,0.009004502251125562,0.27,0.26,0.26,0.27,2326.29,1994.64,1852.71,1805.32,27.14,24.21,21.0,20.46,0.01,0.01,0.01,0.01,26.71,29.36,32.95,33.71,7.19,6.33,5.45,5.5,0.14,0.14,0.14,0.18,0.29,0.21,0.19,0.28,14.26,14.26,12.05,16.16,28.51,21.39,16.8,26.86,11.78,35.35,31.42,41.09,0.14,0.43,0.38,0.5
159,122540,muebles,estanterías y librerías,100.0,2019-02-09,0.28,4084.0,43.0,37.0,12.14,3.2,6.2,148.98,280.38,0.0,0.0,12.27,0.010528893241919687,0.27,0.26,0.27,0.27,2664.71,2142.5,1973.71,1893.36,28.43,25.71,22.24,21.32,0.01,0.01,0.01,0.01,29.29,28.0,32.05,34.71,7.65,6.78,5.83,5.75,0.46,0.37,0.29,0.26,0.89,0.66,0.48,0.43,21.28,24.9,19.14,17.92,40.05,41.41,30.15,29.74,11.78,35.35,31.42,41.09,0.14,0.43,0.38,0.5
160,122540,muebles,estanterías y librerías,100.0,2019-02-10,0.28,3239.0,23.0,28.0,6.41,0.0,0.0,0.0,0.0,0.0,0.0,0.0,0.007100957085520223,0.27,0.27,0.27,0.28,2850.57,2279.43,2054.0,1961.61,28.43,26.0,22.76,21.46,0.01,0.01,0.01,0.01,30.57,28.0,32.48,34.39,7.75,6.92,6.0,5.8,0.46,0.3,0.29,0.26,0.89,0.59,0.48,0.43,21.28,17.77,19.14,17.92,40.05,34.28,30.15,29.74,0.0,29.46,31.42,35.2,0.0,0.36,0.38,0.43
161,122540,muebles,estanterías y librerías,100.0,2019-02-11,0.31,3039.0,42.0,9.0,12.84,0.6,1.2,56.58,113.16,332.64,4.0,4.41,0.013820335636722606,0.28,0.27,0.27,0.28,2965.0,2364.36,2111.14,2017.39,30.71,26.93,23.67,22.25,0.01,0.01,0.01,0.01,30.57,25.29,30.24,34.04,8.63,7.33,6.36,6.04,0.54,0.34,0.32,0.28,1.06,0.67,0.54,0.48,29.37,21.81,21.84,19.94,56.22,42.37,35.54,33.78,47.52,47.33,43.33,44.14,0.57,0.57,0.52,0.54
162,122540,muebles,estanterías y librerías,100.0,2019-02-12,0.26,3250.0,38.0,28.0,9.86,0.0,0.0,0.0,0.0,0.0,0.0,0.0,0.011692307692307693,0.28,0.27,0.27,0.27,3038.43,2485.36,2199.24,2083.79,33.14,27.86,25.19,23.11,0.01,0.01,0.01,0.01,27.86,24.64,30.24,34.36,9.21,7.57,6.73,6.2,0.54,0.34,0.32,0.28,1.06,0.67,0.54,0.48,29.37,21.81,21.84,19.94,56.22,42.37,35.54,33.78,47.52,47.33,43.33,41.19,0.57,0.57,0.52,0.5
163,122540,muebles,estanterías y librerías,100.0,2019-02-13,0.31,4126.0,35.0,84.0,10.77,1.0,1.0,41.6,41.6,77.93,1.0,3.86,0.008482792050412021,0.29,0.27,0.27,0.27,3360.29,2654.29,2320.95,2167.46,34.14,29.0,26.43,23.57,0.01,0.01,0.01,0.01,38.57,28.64,32.0,35.68,9.76,7.98,7.1,6.31,0.69,0.41,0.35,0.28,1.2,0.74,0.57,0.44,35.31,24.78,22.98,17.86,62.16,45.34,36.68,28.14,58.65,52.89,47.04,38.23,0.71,0.64,0.57,0.46
164,122540,muebles,estanterías y librerías,100.0,2019-02-14,0.33,3204.0,24.0,28.0,7.88,0.0,0.0,0.0,0.0,0.0,0.0,0.0,0.00749063670411985,0.29,0.28,0.27,0.27,3562.86,2797.57,2410.29,2209.86,34.43,29.64,26.9,23.75,0.01,0.01,0.01,0.01,38.57,30.64,32.43,33.68,9.98,8.23,7.3,6.4,0.69,0.41,0.32,0.28,1.2,0.74,0.54,0.44,35.31,24.78,21.27,17.86,62.16,45.34,34.98,28.14,58.65,35.22,47.04,38.23,0.71,0.43,0.57,0.46
165,122540,muebles,estanterías y librerías,100.0,2019-02-15,0.27,2299.0,22.0,9.0,5.98,0.0,0.0,0.0,0.0,0.0,0.0,0.0,0.009569377990430622,0.29,0.28,0.27,0.27,3320.14,2823.21,2436.48,2219.57,32.43,29.79,26.95,23.86,0.01,0.01,0.01,0.01,31.86,29.29,30.19,32.68,9.41,8.3,7.35,6.44,0.69,0.41,0.32,0.28,1.2,0.74,0.54,0.44,35.31,24.78,21.27,17.86,62.16,45.34,34.98,28.14,58.65,35.22,43.12,38.23,0.71,0.43,0.52,0.46
166,122540,muebles,estanterías y librerías,100.0,2019-02-16,0.24,1978.0,22.0,75.0,5.3,0.0,0.0,0.0,0.0,0.0,0.0,0.0,0.011122345803842264,0.29,0.28,0.27,0.27,3019.29,2842.0,2434.76,2235.11,29.43,28.93,26.95,24.04,0.01,0.01,0.01,0.01,37.29,33.29,31.1,33.36,8.43,8.04,7.33,6.48,0.23,0.34,0.32,0.28,0.31,0.6,0.54,0.44,14.03,17.65,21.27,17.86,22.11,31.08,34.98,28.14,58.65,35.22,43.12,38.23,0.71,0.43,0.52,0.46
167,122540,muebles,estanterías y librerías,100.0,2019-02-17,0.26,2203.0,23.0,47.0,6.05,0.0,0.0,0.0,0.0,0.0,0.0,0.0,0.01044030866999546,0.28,0.28,0.27,0.27,2871.29,2860.93,2476.71,2258.32,29.43,28.93,27.14,24.43,0.01,0.01,0.01,0.01,40.0,35.29,32.0,34.36,8.38,8.07,7.41,6.6,0.23,0.34,0.28,0.28,0.31,0.6,0.5,0.44,14.03,17.65,16.52,17.86,22.11,31.08,30.23,28.14,58.65,29.33,39.19,38.23,0.71,0.36,0.48,0.46
168,122540,muebles,estanterías y librerías,100.0,2019-02-18,0.34,2070.0,17.0,37.0,5.8,0.0,0.0,0.0,0.0,0.0,0.0,0.0,0.00821256038647343,0.29,0.28,0.28,0.28,2732.86,2848.93,2487.19,2266.57,25.86,28.29,26.57,24.21,0.01,0.01,0.01,0.01,44.0,37.29,31.52,33.68,7.38,8.0,7.35,6.62,0.14,0.34,0.28,0.28,0.14,0.6,0.5,0.44,5.94,17.65,16.52,17.86,5.94,31.08,30.23,28.14,11.13,29.33,35.26,35.28,0.14,0.36,0.43,0.43
169,122540,muebles,estanterías y librerías,100.0,2019-02-19,0.28,2398.0,18.0,19.0,5.02,0.0,0.0,0.0,0.0,151.97,2.0,0.0,0.007506255212677231,0.29,0.28,0.28,0.27,2611.14,2824.79,2527.29,2302.21,23.0,28.07,26.24,24.64,0.01,0.01,0.01,0.01,42.71,35.29,30.67,33.36,6.69,7.95,7.27,6.72,0.14,0.34,0.28,0.28,0.14,0.6,0.5,0.44,5.94,17.65,16.52,17.86,5.94,31.08,30.23,28.14,32.84,40.18,42.5,40.71,0.43,0.5,0.52,0.5
170,122540,muebles,estanterías y librerías,100.0,2019-02-20,0.28,1978.0,20.0,28.0,5.6,0.0,0.0,0.0,0.0,0.0,0.0,0.0,0.010111223458038422,0.29,0.29,0.28,0.27,2304.29,2832.29,2537.62,2316.79,20.86,27.5,26.29,25.04,0.01,0.01,0.01,0.01,34.71,36.64,30.67,32.68,5.95,7.85,7.3,6.82,0.0,0.34,0.28,0.27,0.0,0.6,0.5,0.43,0.0,17.65,16.52,17.23,0.0,31.08,30.23,27.51,21.71,40.18,42.5,40.71,0.29,0.5,0.52,0.5
171,122540,muebles,estanterías y librerías,100.0,2019-02-21,0.3,2193.0,22.0,0.0,6.68,1.0,2.0,97.13,194.26,77.93,1.0,14.54,0.010031919744642043,0.28,0.29,0.28,0.27,2159.86,2861.36,2585.0,2347.68,20.57,27.5,26.62,25.32,0.01,0.01,0.01,0.01,30.71,34.64,30.67,32.0,5.78,7.88,7.41,6.92,0.14,0.41,0.32,0.28,0.29,0.74,0.59,0.48,13.88,24.59,21.15,19.42,27.75,44.96,39.48,33.17,32.84,45.75,34.43,43.49,0.43,0.57,0.43,0.54
172,122540,muebles,estanterías y librerías,100.0,2019-02-22,0.32,2421.0,23.0,9.0,7.31,0.0,0.0,0.0,0.0,0.0,0.0,0.0,0.00950020652622883,0.29,0.29,0.28,0.28,2177.29,2748.71,2607.9,2371.68,20.71,26.57,26.76,25.39,0.01,0.01,0.01,0.01,30.71,31.29,29.76,30.32,5.97,7.69,7.52,7.01,0.14,0.41,0.32,0.28,0.29,0.74,0.59,0.48,13.88,24.59,21.15,19.42,27.75,44.96,39.48,33.17,32.84,45.75,34.43,40.55,0.43,0.57,0.43,0.5
173,122540,muebles,estanterías y librerías,100.0,2019-02-23,0.27,2988.0,31.0,47.0,8.42,0.0,0.0,0.0,0.0,77.93,1.0,0.0,0.010374832663989291,0.29,0.29,0.28,0.28,2321.57,2670.43,2668.52,2406.46,22.0,25.71,26.62,25.71,0.01,0.01,0.01,0.01,26.71,32.0,31.1,30.0,6.41,7.42,7.5,7.1,0.14,0.19,0.28,0.28,0.29,0.3,0.5,0.48,13.88,13.95,16.39,19.42,27.75,24.93,29.97,33.17,43.98,51.31,38.14,43.33,0.57,0.64,0.48,0.54
174,122540,muebles,estanterías y librerías,100.0,2019-02-24,0.25,3379.0,33.0,28.0,8.14,1.0,2.0,497.0,994.0,77.93,1.0,61.06,0.00976620301864457,0.29,0.29,0.28,0.28,2489.57,2680.43,2737.14,2479.93,23.43,26.43,27.1,26.21,0.01,0.01,0.01,0.01,24.0,32.0,31.52,30.0,6.71,7.55,7.62,7.23,0.29,0.26,0.32,0.28,0.57,0.44,0.59,0.51,84.88,49.45,40.06,33.61,169.75,95.93,77.3,65.11,55.11,56.88,37.92,43.17,0.71,0.71,0.48,0.54
175,122540,muebles,estanterías y librerías,150.0,2019-02-25,0.27,1854.0,18.0,28.0,4.92,0.0,0.0,0.0,0.0,0.0,0.0,0.0,0.009708737864077669,0.28,0.28,0.28,0.28,2458.71,2595.79,2718.86,2480.07,23.57,24.71,26.71,25.82,0.01,0.01,0.01,0.01,22.71,33.36,32.43,29.32,6.58,6.98,7.53,7.16,0.29,0.21,0.32,0.28,0.57,0.36,0.59,0.51,84.88,45.41,40.06,33.61,169.75,87.85,77.3,65.11,55.11,33.12,37.92,40.22,0.71,0.43,0.48,0.5
176,122540,muebles,estanterías y librerías,150.0,2019-02-26,0.28,2675.0,26.0,9.0,7.27,0.0,0.0,0.0,0.0,183.3,2.0,0.0,0.0097196261682243,0.28,0.29,0.28,0.28,2498.29,2554.71,2715.95,2520.04,24.71,23.86,26.95,25.86,0.01,0.01,0.01,0.01,21.29,32.0,30.62,28.32,6.91,6.8,7.6,7.18,0.29,0.21,0.32,0.28,0.57,0.36,0.59,0.51,84.88,45.41,40.06,33.61,169.75,87.85,77.3,65.11,59.58,46.21,46.65,46.77,0.71,0.57,0.57,0.57
177,122540,muebles,estanterías y librerías,150.0,2019-02-27,0.25,2702.0,16.0,28.0,3.97,0.0,0.0,0.0,0.0,0.0,0.0,0.0,0.005921539600296077,0.28,0.28,0.28,0.28,2601.71,2453.0,2755.43,2553.64,24.14,22.5,26.38,25.75,0.01,0.01,0.01,0.01,21.29,28.0,31.52,28.32,6.67,6.31,7.46,7.15,0.29,0.14,0.32,0.28,0.57,0.29,0.59,0.51,84.88,42.44,40.06,33.61,169.75,84.88,77.3,65.11,59.58,40.65,46.65,46.77,0.71,0.5,0.57,0.57
178,122540,muebles,estanterías y librerías,150.0,2019-02-28,0.27,2210.0,16.0,19.0,4.34,0.0,0.0,0.0,0.0,82.49,1.0,0.0,0.007239819004524887,0.27,0.28,0.28,0.28,2604.14,2382.0,2775.62,2589.79,23.29,21.93,26.1,25.79,0.01,0.01,0.01,0.01,24.0,27.36,31.1,29.0,6.34,6.06,7.37,7.14,0.14,0.14,0.32,0.28,0.29,0.29,0.59,0.51,71.0,42.44,40.06,33.61,142.0,84.88,77.3,65.11,60.24,46.54,50.58,40.88,0.71,0.57,0.62,0.5
179,122540,muebles,estanterías y librerías,150.0,2019-03-01,0.25,2007.0,16.0,19.0,3.96,0.0,0.0,0.0,0.0,0.0,0.0,0.0,0.007972097658196313,0.26,0.28,0.28,0.28,2545.0,2361.14,2680.81,2592.18,22.29,21.5,25.14,25.64,0.01,0.01,0.01,0.01,25.43,28.07,29.33,28.68,5.86,5.91,7.08,7.11,0.14,0.14,0.32,0.28,0.29,0.29,0.59,0.51,71.0,42.44,40.06,33.61,142.0,84.88,77.3,65.11,60.24,46.54,50.58,40.88,0.71,0.57,0.62,0.5
180,122540,muebles,estanterías y librerías,150.0,2019-03-02,0.35,1477.0,14.0,0.0,4.85,0.17,0.33,14.45,28.9,0.0,0.0,2.98,0.009478672985781991,0.27,0.28,0.28,0.28,2329.14,2325.36,2556.67,2583.68,19.86,20.93,23.76,24.93,0.01,0.01,0.01,0.01,18.71,22.71,27.57,28.0,5.35,5.88,6.73,6.96,0.17,0.15,0.18,0.25,0.33,0.31,0.31,0.45,73.06,43.47,33.66,30.56,146.13,86.94,65.33,59.01,49.1,46.54,50.58,40.88,0.57,0.57,0.62,0.5
181,122540,muebles,estanterías y librerías,150.0,2019-03-03,0.43,1339.0,16.0,0.0,6.83,0.0,0.0,0.0,0.0,91.65,1.0,0.0,0.01194921583271098,0.3,0.3,0.29,0.29,2037.71,2263.64,2466.19,2562.29,17.43,20.43,23.43,24.68,0.01,0.01,0.01,0.01,14.71,19.36,26.24,27.32,5.16,5.94,6.75,7.0,0.02,0.15,0.18,0.25,0.05,0.31,0.31,0.45,2.06,43.47,33.66,30.56,4.13,86.94,65.33,59.01,51.06,53.09,54.94,41.21,0.57,0.64,0.67,0.5
182,122540,muebles,estanterías y librerías,150.0,2019-03-04,0.24,2316.0,13.0,9.0,3.14,0.0,0.0,0.0,0.0,0.0,0.0,0.0,0.005613126079447323,0.3,0.29,0.29,0.29,2103.71,2281.21,2431.76,2565.07,16.71,20.14,22.05,24.21,0.01,0.01,0.01,0.01,12.0,17.36,26.24,27.32,4.91,5.75,6.29,6.87,0.02,0.15,0.15,0.25,0.05,0.31,0.25,0.45,2.06,43.47,30.96,30.56,4.13,86.94,59.94,59.01,51.06,53.09,39.1,41.21,0.57,0.64,0.48,0.5
183,122540,muebles,estanterías y librerías,150.0,2019-03-05,0.17,51.0,2.0,9.0,0.34,0.0,0.0,0.0,0.0,0.0,0.0,0.0,0.0392156862745098,0.28,0.28,0.28,0.28,1728.86,2113.57,2279.43,2469.18,13.29,19.0,20.33,23.54,0.01,0.01,0.01,0.01,12.0,16.64,25.33,25.96,3.92,5.41,5.84,6.68,0.02,0.15,0.15,0.25,0.05,0.31,0.25,0.45,2.06,43.47,30.96,30.56,4.13,86.94,59.94,59.01,24.88,42.23,39.1,41.21,0.29,0.5,0.48,0.5
184,122540,muebles,estanterías y librerías,150.0,2019-03-06,0.0,0.0,0.0,28.0,0.0,0.0,0.0,0.0,0.0,0.0,0.0,0.0,,0.24,0.26,0.27,0.27,1342.86,1972.29,2082.95,2402.29,11.0,17.57,18.67,22.54,0.01,0.01,0.01,0.01,12.0,16.64,22.67,26.64,3.35,5.01,5.32,6.43,0.02,0.15,0.1,0.25,0.05,0.31,0.21,0.45,2.06,43.47,28.98,30.56,4.13,86.94,57.96,59.01,24.88,42.23,35.39,41.21,0.29,0.5,0.43,0.5
185,122540,muebles,estanterías y librerías,150.0,2019-03-07,0.0,0.0,0.0,9.0,0.0,0.0,0.0,0.0,0.0,0.0,0.0,0.0,,0.21,0.24,0.25,0.26,1027.14,1815.64,1930.38,2338.5,8.71,16.0,17.52,21.75,0.01,0.01,0.01,0.01,10.57,17.29,21.76,25.96,2.73,4.54,4.95,6.21,0.02,0.08,0.1,0.25,0.05,0.17,0.21,0.45,2.06,36.53,28.98,30.56,4.13,73.06,57.96,59.01,13.09,36.66,35.39,41.21,0.14,0.43,0.43,0.5
186,122540,muebles,estanterías y librerías,150.0,2019-03-08,0.0,0.0,0.0,19.0,0.0,0.0,0.0,0.0,0.0,0.0,0.0,0.0,,0.17,0.22,0.24,0.25,740.43,1642.71,1820.9,2195.71,6.43,14.36,16.48,20.46,0.02,0.01,0.01,0.01,10.57,18.0,22.24,24.64,2.17,4.01,4.66,5.85,0.02,0.08,0.1,0.25,0.05,0.17,0.21,0.45,2.06,36.53,28.98,30.56,4.13,73.06,57.96,59.01,13.09,36.66,35.39,41.21,0.14,0.43,0.43,0.5
187,122540,muebles,estanterías y librerías,150.0,2019-03-09,0.0,0.0,0.0,19.0,0.0,0.0,0.0,0.0,0.0,0.0,0.0,0.0,,0.12,0.2,0.23,0.24,529.43,1429.29,1726.71,2049.86,4.43,12.14,15.43,18.93,0.02,0.01,0.01,0.01,13.29,16.0,19.57,24.0,1.47,3.41,4.41,5.42,0.0,0.08,0.1,0.13,0.0,0.17,0.21,0.23,0.0,36.53,28.98,25.24,0.0,73.06,57.96,49.0,13.09,31.1,35.39,41.21,0.14,0.36,0.43,0.5
188,122540,muebles,estanterías y librerías,150.0,2019-03-10,0.0,0.0,0.0,9.0,0.0,0.0,0.0,0.0,0.0,0.0,0.0,0.0,,0.06,0.18,0.22,0.23,338.14,1187.93,1621.81,1934.18,2.14,9.79,14.33,18.11,0.02,0.01,0.01,0.01,14.57,14.64,17.76,23.32,0.5,2.83,4.12,5.19,0.0,0.01,0.1,0.13,0.0,0.02,0.21,0.23,0.0,1.03,28.98,25.24,0.0,2.06,57.96,49.0,0.0,25.53,35.39,41.21,0.0,0.29,0.43,0.5
189,122540,muebles,estanterías y librerías,150.0,2019-03-11,0.0,0.0,0.0,28.0,0.0,0.0,0.0,0.0,0.0,0.0,0.0,0.0,,0.02,0.16,0.2,0.22,7.29,1055.5,1523.24,1825.64,0.29,8.5,13.52,16.61,0.04,0.01,0.01,0.01,17.29,14.64,17.33,24.0,0.05,2.48,3.85,4.73,0.0,0.01,0.1,0.11,0.0,0.02,0.21,0.19,0.0,1.03,28.98,23.22,0.0,2.06,57.96,44.96,0.0,25.53,35.39,29.33,0.0,0.29,0.43,0.36
190,122540,muebles,estanterías y librerías,150.0,2019-03-12,0.0,0.0,0.0,9.0,0.0,0.0,0.0,0.0,0.0,0.0,0.0,0.0,,0.0,0.14,0.19,0.21,0.0,864.43,1409.05,1709.57,0.0,6.64,12.67,15.25,,0.01,0.01,0.01,17.29,14.64,16.86,23.32,0.0,1.96,3.61,4.38,0.0,0.01,0.1,0.11,0.0,0.02,0.21,0.19,0.0,1.03,28.98,23.22,0.0,2.06,57.96,44.96,0.0,12.44,28.15,29.33,0.0,0.14,0.33,0.36
191,122540,muebles,estanterías y librerías,150.0,2019-03-13,0.0,0.0,0.0,0.0,0.0,0.0,0.0,0.0,0.0,0.0,0.0,0.0,,0.0,0.12,0.17,0.2,0.0,671.43,1314.86,1562.21,0.0,5.5,11.71,14.0,,0.01,0.01,0.01,13.29,12.64,15.52,20.32,0.0,1.68,3.34,3.99,0.0,0.01,0.1,0.08,0.0,0.02,0.21,0.15,0.0,1.03,28.98,21.73,0.0,2.06,57.96,43.47,0.0,12.44,28.15,26.54,0.0,0.14,0.33,0.32
192,122540,muebles,estanterías y librerías,150.0,2019-03-14,0.0,0.0,0.0,9.0,0.0,0.0,0.0,0.0,0.0,0.0,0.0,0.0,,0.0,0.1,0.16,0.19,0.0,513.57,1210.43,1447.79,0.0,4.36,10.67,13.14,,0.01,0.01,0.01,13.29,11.93,15.95,19.64,0.0,1.37,3.02,3.71,0.0,0.01,0.06,0.08,0.0,0.02,0.11,0.15,0.0,1.03,24.35,21.73,0.0,2.06,48.71,43.47,0.0,6.55,24.44,26.54,0.0,0.07,0.29,0.32
193,122540,muebles,estanterías y librerías,150.0,2019-03-15,0.0,0.0,0.0,0.0,0.0,0.0,0.0,0.0,0.0,0.0,0.0,0.0,,0.0,0.08,0.14,0.18,0.0,370.21,1095.14,1365.68,0.0,3.21,9.57,12.36,,0.02,0.01,0.01,10.57,10.57,15.52,19.32,0.0,1.08,2.68,3.5,0.0,0.01,0.06,0.08,0.0,0.02,0.11,0.15,0.0,1.03,24.35,21.73,0.0,2.06,48.71,43.47,0.0,6.55,24.44,26.54,0.0,0.07,0.29,0.32
194,122540,muebles,estanterías y librerías,150.0,2019-03-16,0.0,0.0,0.0,19.0,0.0,0.0,0.0,0.0,0.0,0.0,0.0,0.0,,0.0,0.06,0.13,0.17,0.0,264.71,952.86,1295.04,0.0,2.21,8.1,11.57,,0.02,0.01,0.01,10.57,11.93,14.19,17.32,0.0,0.74,2.27,3.31,0.0,0.0,0.06,0.08,0.0,0.0,0.11,0.15,0.0,0.0,24.35,21.73,0.0,0.0,48.71,43.47,0.0,6.55,20.73,26.54,0.0,0.07,0.24,0.32
195,122540,muebles,estanterías y librerías,150.0,2019-03-17,0.0,0.0,0.0,56.0,0.0,0.0,0.0,0.0,0.0,0.0,0.0,0.0,,0.0,0.03,0.12,0.16,0.0,169.07,791.95,1216.36,0.0,1.07,6.52,10.75,,0.02,0.01,0.01,17.29,15.93,15.52,17.64,0.0,0.25,1.89,3.09,0.0,0.0,0.01,0.08,0.0,0.0,0.02,0.15,0.0,0.0,0.69,21.73,0.0,0.0,1.38,43.47,0.0,0.0,17.02,26.54,0.0,0.0,0.19,0.32
196,122540,muebles,estanterías y librerías,150.0,2019-03-18,0.0,0.0,0.0,0.0,0.0,0.0,0.0,0.0,0.0,0.0,0.0,0.0,,0.0,0.01,0.11,0.15,0.0,3.64,703.67,1142.43,0.0,0.14,5.67,10.14,,0.04,0.01,0.01,13.29,15.29,14.19,16.32,0.0,0.02,1.65,2.89,0.0,0.0,0.01,0.08,0.0,0.0,0.02,0.15,0.0,0.0,0.69,21.73,0.0,0.0,1.38,43.47,0.0,0.0,17.02,26.54,0.0,0.0,0.19,0.32
197,122540,muebles,estanterías y librerías,150.0,2019-03-19,0.0,0.0,0.0,19.0,0.0,0.0,0.0,0.0,0.0,0.0,0.0,0.0,,0.0,0.0,0.09,0.14,0.0,0.0,576.29,1056.79,0.0,0.0,4.43,9.5,,,0.01,0.01,14.71,16.0,14.67,16.32,0.0,0.0,1.31,2.71,0.0,0.0,0.01,0.08,0.0,0.0,0.02,0.15,0.0,0.0,0.69,21.73,0.0,0.0,1.38,43.47,0.0,0.0,8.29,21.12,0.0,0.0,0.1,0.25
198,122540,muebles,estanterías y librerías,150.0,2019-03-20,0.0,0.0,0.0,0.0,0.0,0.0,0.0,0.0,0.0,0.0,0.0,0.0,,0.0,0.0,0.08,0.13,0.0,0.0,447.62,986.14,0.0,0.0,3.67,8.79,,,0.01,0.01,14.71,14.0,13.33,15.32,0.0,0.0,1.12,2.51,0.0,0.0,0.01,0.08,0.0,0.0,0.02,0.15,0.0,0.0,0.69,21.73,0.0,0.0,1.38,43.47,0.0,0.0,8.29,21.12,0.0,0.0,0.1,0.25
199,122540,muebles,estanterías y librerías,150.0,2019-03-21,0.0,0.0,0.0,19.0,0.0,0.0,0.0,0.0,0.0,256.63,3.0,0.0,,0.0,0.0,0.07,0.12,0.0,0.0,342.38,907.82,0.0,0.0,2.9,8.0,,,0.01,0.01,16.14,14.71,13.33,16.0,0.0,0.0,0.91,2.27,0.0,0.0,0.01,0.04,0.0,0.0,0.02,0.08,0.0,0.0,0.69,18.27,0.0,0.0,1.38,36.53,36.66,18.33,16.58,27.5,0.43,0.21,0.19,0.32
200,122540,muebles,estanterías y librerías,150.0,2019-03-22,0.0,0.0,0.0,28.0,0.0,0.0,0.0,0.0,0.0,0.0,0.0,0.0,,0.0,0.0,0.06,0.11,0.0,0.0,246.81,821.36,0.0,0.0,2.14,7.18,,,0.02,0.01,20.14,15.36,13.76,16.68,0.0,0.0,0.72,2.01,0.0,0.0,0.01,0.04,0.0,0.0,0.02,0.08,0.0,0.0,0.69,18.27,0.0,0.0,1.38,36.53,36.66,18.33,16.58,27.5,0.43,0.21,0.19,0.32
201,122540,muebles,estanterías y librerías,150.0,2019-03-23,0.0,0.0,0.0,0.0,0.0,0.0,0.0,0.0,0.0,0.0,0.0,0.0,,0.0,0.0,0.04,0.1,0.0,0.0,176.48,714.64,0.0,0.0,1.48,6.07,,,0.02,0.01,17.43,14.0,13.76,15.0,0.0,0.0,0.49,1.71,0.0,0.0,0.0,0.04,0.0,0.0,0.0,0.08,0.0,0.0,0.0,18.27,0.0,0.0,0.0,36.53,36.66,18.33,16.58,24.71,0.43,0.21,0.19,0.29
202,122540,muebles,estanterías y librerías,150.0,2019-03-24,0.0,0.0,0.0,19.0,0.0,0.0,0.0,0.0,0.0,0.0,0.0,0.0,,0.0,0.0,0.02,0.09,0.0,0.0,112.71,593.96,0.0,0.0,0.71,4.89,,,0.02,0.01,12.14,14.71,14.67,14.68,0.0,0.0,0.17,1.42,0.0,0.0,0.0,0.01,0.0,0.0,0.0,0.01,0.0,0.0,0.0,0.52,0.0,0.0,0.0,1.03,36.66,18.33,12.22,21.93,0.43,0.21,0.14,0.25
203,122540,muebles,estanterías y librerías,150.0,2019-03-25,0.0,0.0,0.0,19.0,0.0,0.0,0.0,0.0,0.0,0.0,0.0,0.0,,0.0,0.0,0.01,0.08,0.0,0.0,2.43,527.75,0.0,0.0,0.1,4.25,,,0.04,0.01,14.86,14.07,15.14,14.36,0.0,0.0,0.02,1.24,0.0,0.0,0.0,0.01,0.0,0.0,0.0,0.01,0.0,0.0,0.0,0.52,0.0,0.0,0.0,1.03,36.66,18.33,12.22,21.93,0.43,0.21,0.14,0.25
204,122540,muebles,estanterías y librerías,150.0,2019-03-26,0.0,0.0,0.0,9.0,0.0,0.0,0.0,0.0,0.0,0.0,0.0,0.0,,0.0,0.0,0.0,0.07,0.0,0.0,0.0,432.21,0.0,0.0,0.0,3.32,,,,0.01,13.43,14.07,15.14,14.36,0.0,0.0,0.0,0.98,0.0,0.0,0.0,0.01,0.0,0.0,0.0,0.01,0.0,0.0,0.0,0.52,0.0,0.0,0.0,1.03,36.66,18.33,12.22,15.38,0.43,0.21,0.14,0.18
205,122540,muebles,estanterías y librerías,150.0,2019-03-27,0.0,0.0,0.0,0.0,0.0,0.0,0.0,0.0,0.0,0.0,0.0,0.0,,0.0,0.0,0.0,0.06,0.0,0.0,0.0,335.71,0.0,0.0,0.0,2.75,,,,0.01,13.43,14.07,13.81,13.36,0.0,0.0,0.0,0.84,0.0,0.0,0.0,0.01,0.0,0.0,0.0,0.01,0.0,0.0,0.0,0.52,0.0,0.0,0.0,1.03,36.66,18.33,12.22,15.38,0.43,0.21,0.14,0.18
206,122540,muebles,estanterías y librerías,150.0,2019-03-28,0.0,0.0,0.0,9.0,0.0,0.0,0.0,0.0,0.0,0.0,0.0,0.0,,0.0,0.0,0.0,0.05,0.0,0.0,0.0,256.79,0.0,0.0,0.0,2.18,,,,0.01,12.0,14.07,13.81,13.0,0.0,0.0,0.0,0.68,0.0,0.0,0.0,0.01,0.0,0.0,0.0,0.01,0.0,0.0,0.0,0.52,0.0,0.0,0.0,1.03,0.0,18.33,12.22,12.44,0.0,0.21,0.14,0.14
207,122540,muebles,estanterías y librerías,150.0,2019-03-29,0.0,0.0,0.0,9.0,0.0,0.0,0.0,0.0,0.0,0.0,0.0,0.0,,0.0,0.0,0.0,0.04,0.0,0.0,0.0,185.11,0.0,0.0,0.0,1.61,,,,0.02,9.29,14.71,13.33,12.64,0.0,0.0,0.0,0.54,0.0,0.0,0.0,0.01,0.0,0.0,0.0,0.01,0.0,0.0,0.0,0.52,0.0,0.0,0.0,1.03,0.0,18.33,12.22,12.44,0.0,0.21,0.14,0.14
208,122540,muebles,estanterías y librerías,150.0,2019-03-30,0.0,0.0,0.0,9.0,0.0,0.0,0.0,0.0,0.0,0.0,0.0,0.0,,0.0,0.0,0.0,0.03,0.0,0.0,0.0,132.36,0.0,0.0,0.0,1.11,,,,0.02,10.57,14.0,12.86,12.96,0.0,0.0,0.0,0.37,0.0,0.0,0.0,0.0,0.0,0.0,0.0,0.0,0.0,0.0,0.0,0.0,0.0,0.0,0.0,0.0,0.0,18.33,12.22,12.44,0.0,0.21,0.14,0.14
209,122540,muebles,estanterías y librerías,150.0,2019-03-31,0.0,0.0,0.0,19.0,0.0,0.0,0.0,0.0,0.0,0.0,0.0,0.0,,0.0,0.0,0.0,0.01,0.0,0.0,0.0,84.54,0.0,0.0,0.0,0.54,,,,0.02,10.57,11.36,13.33,13.64,0.0,0.0,0.0,0.12,0.0,0.0,0.0,0.0,0.0,0.0,0.0,0.0,0.0,0.0,0.0,0.0,0.0,0.0,0.0,0.0,0.0,18.33,12.22,9.17,0.0,0.21,0.14,0.11
